2025-11-22T11:57:50.603+08:00  INFO 2071 --- [main] h.p.c.p.securedb.SecuredbApplication     : Starting SecuredbApplication using Java 17.0.15 with PID 2071 (/Users/heosunghak/Desktop/25-26 Sem1/COMP3335/securedb/build/classes/java/main started by heosunghak in /Users/heosunghak/Desktop/25-26 Sem1/COMP3335/securedb)
2025-11-22T11:57:50.604+08:00  INFO 2071 --- [main] h.p.c.p.securedb.SecuredbApplication     : No active profile set, falling back to 1 default profile: "default"
2025-11-22T11:57:50.805+08:00  INFO 2071 --- [main] .s.d.r.c.RepositoryConfigurationDelegate : Bootstrapping Spring Data JPA repositories in DEFAULT mode.
2025-11-22T11:57:50.827+08:00  INFO 2071 --- [main] .s.d.r.c.RepositoryConfigurationDelegate : Finished Spring Data repository scanning in 19 ms. Found 7 JPA repository interfaces.
2025-11-22T11:57:50.997+08:00  INFO 2071 --- [main] o.s.b.w.embedded.tomcat.TomcatWebServer  : Tomcat initialized with port 8080 (http)
2025-11-22T11:57:51.001+08:00  INFO 2071 --- [main] o.apache.catalina.core.StandardService   : Starting service [Tomcat]
2025-11-22T11:57:51.001+08:00  INFO 2071 --- [main] o.apache.catalina.core.StandardEngine    : Starting Servlet engine: [Apache Tomcat/10.1.48]
2025-11-22T11:57:51.015+08:00  INFO 2071 --- [main] o.a.c.c.C.[Tomcat].[localhost].[/]       : Initializing Spring embedded WebApplicationContext
2025-11-22T11:57:51.015+08:00  INFO 2071 --- [main] w.s.c.ServletWebServerApplicationContext : Root WebApplicationContext: initialization completed in 399 ms
2025-11-22T11:57:51.077+08:00  INFO 2071 --- [main] o.hibernate.jpa.internal.util.LogHelper  : HHH000204: Processing PersistenceUnitInfo [name: default]
2025-11-22T11:57:51.093+08:00  INFO 2071 --- [main] org.hibernate.Version                    : HHH000412: Hibernate ORM core version 6.6.33.Final
2025-11-22T11:57:51.104+08:00  INFO 2071 --- [main] o.h.c.internal.RegionFactoryInitiator    : HHH000026: Second-level cache disabled
2025-11-22T11:57:51.184+08:00  INFO 2071 --- [main] o.s.o.j.p.SpringPersistenceUnitInfo      : No LoadTimeWeaver setup: ignoring JPA class transformer
2025-11-22T11:57:51.192+08:00  INFO 2071 --- [main] com.zaxxer.hikari.HikariDataSource       : HikariPool-1 - Starting...
2025-11-22T11:57:51.246+08:00  INFO 2071 --- [main] com.zaxxer.hikari.pool.HikariPool        : HikariPool-1 - Added connection com.mysql.cj.jdbc.ConnectionImpl@59f3426f
2025-11-22T11:57:51.246+08:00  INFO 2071 --- [main] com.zaxxer.hikari.HikariDataSource       : HikariPool-1 - Start completed.
2025-11-22T11:57:51.275+08:00  INFO 2071 --- [main] org.hibernate.orm.connections.pooling    : HHH10001005: Database info:
	Database JDBC URL [Connecting through datasource 'HikariDataSource (HikariPool-1)']
	Database driver: undefined/unknown
	Database version: 8.4.6
	Autocommit mode: undefined/unknown
	Isolation level: undefined/unknown
	Minimum pool size: undefined/unknown
	Maximum pool size: undefined/unknown
2025-11-22T11:57:51.541+08:00  INFO 2071 --- [main] o.h.e.t.j.p.i.JtaPlatformInitiator       : HHH000489: No JTA platform available (set 'hibernate.transaction.jta.platform' to enable JTA platform integration)
2025-11-22T11:57:51.545+08:00 DEBUG 2071 --- [main] org.hibernate.SQL                        : drop table if exists auth_users
2025-11-22T11:57:51.555+08:00  WARN 2071 --- [main] o.h.t.s.i.ExceptionHandlerLoggedImpl     : GenerationTarget encountered exception accepting command : Error executing DDL "drop table if exists auth_users" via JDBC [DROP command denied to user 'comp3335'@'localhost' for table 'auth_users']

org.hibernate.tool.schema.spi.CommandAcceptanceException: Error executing DDL "drop table if exists auth_users" via JDBC [DROP command denied to user 'comp3335'@'localhost' for table 'auth_users']
	at org.hibernate.tool.schema.internal.exec.GenerationTargetToDatabase.accept(GenerationTargetToDatabase.java:94) ~[hibernate-core-6.6.33.Final.jar:6.6.33.Final]
	at org.hibernate.tool.schema.internal.Helper.applySqlString(Helper.java:233) ~[hibernate-core-6.6.33.Final.jar:6.6.33.Final]
	at org.hibernate.tool.schema.internal.Helper.applySqlStrings(Helper.java:217) ~[hibernate-core-6.6.33.Final.jar:6.6.33.Final]
	at org.hibernate.tool.schema.internal.SchemaDropperImpl.dropTables(SchemaDropperImpl.java:384) ~[hibernate-core-6.6.33.Final.jar:6.6.33.Final]
	at org.hibernate.tool.schema.internal.SchemaDropperImpl.dropConstraintsTablesSequences(SchemaDropperImpl.java:256) ~[hibernate-core-6.6.33.Final.jar:6.6.33.Final]
	at org.hibernate.tool.schema.internal.SchemaDropperImpl.dropFromMetadata(SchemaDropperImpl.java:218) ~[hibernate-core-6.6.33.Final.jar:6.6.33.Final]
	at org.hibernate.tool.schema.internal.SchemaDropperImpl.performDrop(SchemaDropperImpl.java:186) ~[hibernate-core-6.6.33.Final.jar:6.6.33.Final]
	at org.hibernate.tool.schema.internal.SchemaDropperImpl.doDrop(SchemaDropperImpl.java:156) ~[hibernate-core-6.6.33.Final.jar:6.6.33.Final]
	at org.hibernate.tool.schema.internal.SchemaDropperImpl.doDrop(SchemaDropperImpl.java:116) ~[hibernate-core-6.6.33.Final.jar:6.6.33.Final]
	at org.hibernate.tool.schema.spi.SchemaManagementToolCoordinator.performDatabaseAction(SchemaManagementToolCoordinator.java:238) ~[hibernate-core-6.6.33.Final.jar:6.6.33.Final]
	at org.hibernate.tool.schema.spi.SchemaManagementToolCoordinator.lambda$process$5(SchemaManagementToolCoordinator.java:144) ~[hibernate-core-6.6.33.Final.jar:6.6.33.Final]
	at java.base/java.util.HashMap.forEach(HashMap.java:1421) ~[na:na]
	at org.hibernate.tool.schema.spi.SchemaManagementToolCoordinator.process(SchemaManagementToolCoordinator.java:141) ~[hibernate-core-6.6.33.Final.jar:6.6.33.Final]
	at org.hibernate.boot.internal.SessionFactoryObserverForSchemaExport.sessionFactoryCreated(SessionFactoryObserverForSchemaExport.java:37) ~[hibernate-core-6.6.33.Final.jar:6.6.33.Final]
	at org.hibernate.internal.SessionFactoryObserverChain.sessionFactoryCreated(SessionFactoryObserverChain.java:35) ~[hibernate-core-6.6.33.Final.jar:6.6.33.Final]
	at org.hibernate.internal.SessionFactoryImpl.<init>(SessionFactoryImpl.java:324) ~[hibernate-core-6.6.33.Final.jar:6.6.33.Final]
	at org.hibernate.boot.internal.SessionFactoryBuilderImpl.build(SessionFactoryBuilderImpl.java:463) ~[hibernate-core-6.6.33.Final.jar:6.6.33.Final]
	at org.hibernate.jpa.boot.internal.EntityManagerFactoryBuilderImpl.build(EntityManagerFactoryBuilderImpl.java:1517) ~[hibernate-core-6.6.33.Final.jar:6.6.33.Final]
	at org.springframework.orm.jpa.vendor.SpringHibernateJpaPersistenceProvider.createContainerEntityManagerFactory(SpringHibernateJpaPersistenceProvider.java:66) ~[spring-orm-6.2.12.jar:6.2.12]
	at org.springframework.orm.jpa.LocalContainerEntityManagerFactoryBean.createNativeEntityManagerFactory(LocalContainerEntityManagerFactoryBean.java:390) ~[spring-orm-6.2.12.jar:6.2.12]
	at org.springframework.orm.jpa.AbstractEntityManagerFactoryBean.buildNativeEntityManagerFactory(AbstractEntityManagerFactoryBean.java:419) ~[spring-orm-6.2.12.jar:6.2.12]
	at org.springframework.orm.jpa.AbstractEntityManagerFactoryBean.afterPropertiesSet(AbstractEntityManagerFactoryBean.java:400) ~[spring-orm-6.2.12.jar:6.2.12]
	at org.springframework.orm.jpa.LocalContainerEntityManagerFactoryBean.afterPropertiesSet(LocalContainerEntityManagerFactoryBean.java:366) ~[spring-orm-6.2.12.jar:6.2.12]
	at org.springframework.beans.factory.support.AbstractAutowireCapableBeanFactory.invokeInitMethods(AbstractAutowireCapableBeanFactory.java:1873) ~[spring-beans-6.2.12.jar:6.2.12]
	at org.springframework.beans.factory.support.AbstractAutowireCapableBeanFactory.initializeBean(AbstractAutowireCapableBeanFactory.java:1822) ~[spring-beans-6.2.12.jar:6.2.12]
	at org.springframework.beans.factory.support.AbstractAutowireCapableBeanFactory.doCreateBean(AbstractAutowireCapableBeanFactory.java:607) ~[spring-beans-6.2.12.jar:6.2.12]
	at org.springframework.beans.factory.support.AbstractAutowireCapableBeanFactory.createBean(AbstractAutowireCapableBeanFactory.java:529) ~[spring-beans-6.2.12.jar:6.2.12]
	at org.springframework.beans.factory.support.AbstractBeanFactory.lambda$doGetBean$0(AbstractBeanFactory.java:339) ~[spring-beans-6.2.12.jar:6.2.12]
	at org.springframework.beans.factory.support.DefaultSingletonBeanRegistry.getSingleton(DefaultSingletonBeanRegistry.java:373) ~[spring-beans-6.2.12.jar:6.2.12]
	at org.springframework.beans.factory.support.AbstractBeanFactory.doGetBean(AbstractBeanFactory.java:337) ~[spring-beans-6.2.12.jar:6.2.12]
	at org.springframework.beans.factory.support.AbstractBeanFactory.getBean(AbstractBeanFactory.java:207) ~[spring-beans-6.2.12.jar:6.2.12]
	at org.springframework.context.support.AbstractApplicationContext.finishBeanFactoryInitialization(AbstractApplicationContext.java:973) ~[spring-context-6.2.12.jar:6.2.12]
	at org.springframework.context.support.AbstractApplicationContext.refresh(AbstractApplicationContext.java:627) ~[spring-context-6.2.12.jar:6.2.12]
	at org.springframework.boot.web.servlet.context.ServletWebServerApplicationContext.refresh(ServletWebServerApplicationContext.java:146) ~[spring-boot-3.5.7.jar:3.5.7]
	at org.springframework.boot.SpringApplication.refresh(SpringApplication.java:752) ~[spring-boot-3.5.7.jar:3.5.7]
	at org.springframework.boot.SpringApplication.refreshContext(SpringApplication.java:439) ~[spring-boot-3.5.7.jar:3.5.7]
	at org.springframework.boot.SpringApplication.run(SpringApplication.java:318) ~[spring-boot-3.5.7.jar:3.5.7]
	at org.springframework.boot.SpringApplication.run(SpringApplication.java:1361) ~[spring-boot-3.5.7.jar:3.5.7]
	at org.springframework.boot.SpringApplication.run(SpringApplication.java:1350) ~[spring-boot-3.5.7.jar:3.5.7]
	at hk.polyu.comp.project3335.securedb.SecuredbApplication.main(SecuredbApplication.java:10) ~[main/:na]
Caused by: java.sql.SQLSyntaxErrorException: DROP command denied to user 'comp3335'@'localhost' for table 'auth_users'
	at com.mysql.cj.jdbc.exceptions.SQLError.createSQLException(SQLError.java:112) ~[mysql-connector-j-9.4.0.jar:9.4.0]
	at com.mysql.cj.jdbc.exceptions.SQLExceptionsMapping.translateException(SQLExceptionsMapping.java:114) ~[mysql-connector-j-9.4.0.jar:9.4.0]
	at com.mysql.cj.jdbc.StatementImpl.executeInternal(StatementImpl.java:837) ~[mysql-connector-j-9.4.0.jar:9.4.0]
	at com.mysql.cj.jdbc.StatementImpl.execute(StatementImpl.java:685) ~[mysql-connector-j-9.4.0.jar:9.4.0]
	at com.zaxxer.hikari.pool.ProxyStatement.execute(ProxyStatement.java:95) ~[HikariCP-6.3.3.jar:na]
	at com.zaxxer.hikari.pool.HikariProxyStatement.execute(HikariProxyStatement.java) ~[HikariCP-6.3.3.jar:na]
	at org.hibernate.tool.schema.internal.exec.GenerationTargetToDatabase.accept(GenerationTargetToDatabase.java:80) ~[hibernate-core-6.6.33.Final.jar:6.6.33.Final]
	... 39 common frames omitted

2025-11-22T11:57:51.556+08:00 DEBUG 2071 --- [main] org.hibernate.SQL                        : drop table if exists courses
2025-11-22T11:57:51.557+08:00  WARN 2071 --- [main] o.h.t.s.i.ExceptionHandlerLoggedImpl     : GenerationTarget encountered exception accepting command : Error executing DDL "drop table if exists courses" via JDBC [DROP command denied to user 'comp3335'@'localhost' for table 'courses']

org.hibernate.tool.schema.spi.CommandAcceptanceException: Error executing DDL "drop table if exists courses" via JDBC [DROP command denied to user 'comp3335'@'localhost' for table 'courses']
	at org.hibernate.tool.schema.internal.exec.GenerationTargetToDatabase.accept(GenerationTargetToDatabase.java:94) ~[hibernate-core-6.6.33.Final.jar:6.6.33.Final]
	at org.hibernate.tool.schema.internal.Helper.applySqlString(Helper.java:233) ~[hibernate-core-6.6.33.Final.jar:6.6.33.Final]
	at org.hibernate.tool.schema.internal.Helper.applySqlStrings(Helper.java:217) ~[hibernate-core-6.6.33.Final.jar:6.6.33.Final]
	at org.hibernate.tool.schema.internal.SchemaDropperImpl.dropTables(SchemaDropperImpl.java:384) ~[hibernate-core-6.6.33.Final.jar:6.6.33.Final]
	at org.hibernate.tool.schema.internal.SchemaDropperImpl.dropConstraintsTablesSequences(SchemaDropperImpl.java:256) ~[hibernate-core-6.6.33.Final.jar:6.6.33.Final]
	at org.hibernate.tool.schema.internal.SchemaDropperImpl.dropFromMetadata(SchemaDropperImpl.java:218) ~[hibernate-core-6.6.33.Final.jar:6.6.33.Final]
	at org.hibernate.tool.schema.internal.SchemaDropperImpl.performDrop(SchemaDropperImpl.java:186) ~[hibernate-core-6.6.33.Final.jar:6.6.33.Final]
	at org.hibernate.tool.schema.internal.SchemaDropperImpl.doDrop(SchemaDropperImpl.java:156) ~[hibernate-core-6.6.33.Final.jar:6.6.33.Final]
	at org.hibernate.tool.schema.internal.SchemaDropperImpl.doDrop(SchemaDropperImpl.java:116) ~[hibernate-core-6.6.33.Final.jar:6.6.33.Final]
	at org.hibernate.tool.schema.spi.SchemaManagementToolCoordinator.performDatabaseAction(SchemaManagementToolCoordinator.java:238) ~[hibernate-core-6.6.33.Final.jar:6.6.33.Final]
	at org.hibernate.tool.schema.spi.SchemaManagementToolCoordinator.lambda$process$5(SchemaManagementToolCoordinator.java:144) ~[hibernate-core-6.6.33.Final.jar:6.6.33.Final]
	at java.base/java.util.HashMap.forEach(HashMap.java:1421) ~[na:na]
	at org.hibernate.tool.schema.spi.SchemaManagementToolCoordinator.process(SchemaManagementToolCoordinator.java:141) ~[hibernate-core-6.6.33.Final.jar:6.6.33.Final]
	at org.hibernate.boot.internal.SessionFactoryObserverForSchemaExport.sessionFactoryCreated(SessionFactoryObserverForSchemaExport.java:37) ~[hibernate-core-6.6.33.Final.jar:6.6.33.Final]
	at org.hibernate.internal.SessionFactoryObserverChain.sessionFactoryCreated(SessionFactoryObserverChain.java:35) ~[hibernate-core-6.6.33.Final.jar:6.6.33.Final]
	at org.hibernate.internal.SessionFactoryImpl.<init>(SessionFactoryImpl.java:324) ~[hibernate-core-6.6.33.Final.jar:6.6.33.Final]
	at org.hibernate.boot.internal.SessionFactoryBuilderImpl.build(SessionFactoryBuilderImpl.java:463) ~[hibernate-core-6.6.33.Final.jar:6.6.33.Final]
	at org.hibernate.jpa.boot.internal.EntityManagerFactoryBuilderImpl.build(EntityManagerFactoryBuilderImpl.java:1517) ~[hibernate-core-6.6.33.Final.jar:6.6.33.Final]
	at org.springframework.orm.jpa.vendor.SpringHibernateJpaPersistenceProvider.createContainerEntityManagerFactory(SpringHibernateJpaPersistenceProvider.java:66) ~[spring-orm-6.2.12.jar:6.2.12]
	at org.springframework.orm.jpa.LocalContainerEntityManagerFactoryBean.createNativeEntityManagerFactory(LocalContainerEntityManagerFactoryBean.java:390) ~[spring-orm-6.2.12.jar:6.2.12]
	at org.springframework.orm.jpa.AbstractEntityManagerFactoryBean.buildNativeEntityManagerFactory(AbstractEntityManagerFactoryBean.java:419) ~[spring-orm-6.2.12.jar:6.2.12]
	at org.springframework.orm.jpa.AbstractEntityManagerFactoryBean.afterPropertiesSet(AbstractEntityManagerFactoryBean.java:400) ~[spring-orm-6.2.12.jar:6.2.12]
	at org.springframework.orm.jpa.LocalContainerEntityManagerFactoryBean.afterPropertiesSet(LocalContainerEntityManagerFactoryBean.java:366) ~[spring-orm-6.2.12.jar:6.2.12]
	at org.springframework.beans.factory.support.AbstractAutowireCapableBeanFactory.invokeInitMethods(AbstractAutowireCapableBeanFactory.java:1873) ~[spring-beans-6.2.12.jar:6.2.12]
	at org.springframework.beans.factory.support.AbstractAutowireCapableBeanFactory.initializeBean(AbstractAutowireCapableBeanFactory.java:1822) ~[spring-beans-6.2.12.jar:6.2.12]
	at org.springframework.beans.factory.support.AbstractAutowireCapableBeanFactory.doCreateBean(AbstractAutowireCapableBeanFactory.java:607) ~[spring-beans-6.2.12.jar:6.2.12]
	at org.springframework.beans.factory.support.AbstractAutowireCapableBeanFactory.createBean(AbstractAutowireCapableBeanFactory.java:529) ~[spring-beans-6.2.12.jar:6.2.12]
	at org.springframework.beans.factory.support.AbstractBeanFactory.lambda$doGetBean$0(AbstractBeanFactory.java:339) ~[spring-beans-6.2.12.jar:6.2.12]
	at org.springframework.beans.factory.support.DefaultSingletonBeanRegistry.getSingleton(DefaultSingletonBeanRegistry.java:373) ~[spring-beans-6.2.12.jar:6.2.12]
	at org.springframework.beans.factory.support.AbstractBeanFactory.doGetBean(AbstractBeanFactory.java:337) ~[spring-beans-6.2.12.jar:6.2.12]
	at org.springframework.beans.factory.support.AbstractBeanFactory.getBean(AbstractBeanFactory.java:207) ~[spring-beans-6.2.12.jar:6.2.12]
	at org.springframework.context.support.AbstractApplicationContext.finishBeanFactoryInitialization(AbstractApplicationContext.java:973) ~[spring-context-6.2.12.jar:6.2.12]
	at org.springframework.context.support.AbstractApplicationContext.refresh(AbstractApplicationContext.java:627) ~[spring-context-6.2.12.jar:6.2.12]
	at org.springframework.boot.web.servlet.context.ServletWebServerApplicationContext.refresh(ServletWebServerApplicationContext.java:146) ~[spring-boot-3.5.7.jar:3.5.7]
	at org.springframework.boot.SpringApplication.refresh(SpringApplication.java:752) ~[spring-boot-3.5.7.jar:3.5.7]
	at org.springframework.boot.SpringApplication.refreshContext(SpringApplication.java:439) ~[spring-boot-3.5.7.jar:3.5.7]
	at org.springframework.boot.SpringApplication.run(SpringApplication.java:318) ~[spring-boot-3.5.7.jar:3.5.7]
	at org.springframework.boot.SpringApplication.run(SpringApplication.java:1361) ~[spring-boot-3.5.7.jar:3.5.7]
	at org.springframework.boot.SpringApplication.run(SpringApplication.java:1350) ~[spring-boot-3.5.7.jar:3.5.7]
	at hk.polyu.comp.project3335.securedb.SecuredbApplication.main(SecuredbApplication.java:10) ~[main/:na]
Caused by: java.sql.SQLSyntaxErrorException: DROP command denied to user 'comp3335'@'localhost' for table 'courses'
	at com.mysql.cj.jdbc.exceptions.SQLError.createSQLException(SQLError.java:112) ~[mysql-connector-j-9.4.0.jar:9.4.0]
	at com.mysql.cj.jdbc.exceptions.SQLExceptionsMapping.translateException(SQLExceptionsMapping.java:114) ~[mysql-connector-j-9.4.0.jar:9.4.0]
	at com.mysql.cj.jdbc.StatementImpl.executeInternal(StatementImpl.java:837) ~[mysql-connector-j-9.4.0.jar:9.4.0]
	at com.mysql.cj.jdbc.StatementImpl.execute(StatementImpl.java:685) ~[mysql-connector-j-9.4.0.jar:9.4.0]
	at com.zaxxer.hikari.pool.ProxyStatement.execute(ProxyStatement.java:95) ~[HikariCP-6.3.3.jar:na]
	at com.zaxxer.hikari.pool.HikariProxyStatement.execute(HikariProxyStatement.java) ~[HikariCP-6.3.3.jar:na]
	at org.hibernate.tool.schema.internal.exec.GenerationTargetToDatabase.accept(GenerationTargetToDatabase.java:80) ~[hibernate-core-6.6.33.Final.jar:6.6.33.Final]
	... 39 common frames omitted

2025-11-22T11:57:51.557+08:00 DEBUG 2071 --- [main] org.hibernate.SQL                        : drop table if exists disciplinary_records
2025-11-22T11:57:51.558+08:00  WARN 2071 --- [main] o.h.t.s.i.ExceptionHandlerLoggedImpl     : GenerationTarget encountered exception accepting command : Error executing DDL "drop table if exists disciplinary_records" via JDBC [DROP command denied to user 'comp3335'@'localhost' for table 'disciplinary_records']

org.hibernate.tool.schema.spi.CommandAcceptanceException: Error executing DDL "drop table if exists disciplinary_records" via JDBC [DROP command denied to user 'comp3335'@'localhost' for table 'disciplinary_records']
	at org.hibernate.tool.schema.internal.exec.GenerationTargetToDatabase.accept(GenerationTargetToDatabase.java:94) ~[hibernate-core-6.6.33.Final.jar:6.6.33.Final]
	at org.hibernate.tool.schema.internal.Helper.applySqlString(Helper.java:233) ~[hibernate-core-6.6.33.Final.jar:6.6.33.Final]
	at org.hibernate.tool.schema.internal.Helper.applySqlStrings(Helper.java:217) ~[hibernate-core-6.6.33.Final.jar:6.6.33.Final]
	at org.hibernate.tool.schema.internal.SchemaDropperImpl.dropTables(SchemaDropperImpl.java:384) ~[hibernate-core-6.6.33.Final.jar:6.6.33.Final]
	at org.hibernate.tool.schema.internal.SchemaDropperImpl.dropConstraintsTablesSequences(SchemaDropperImpl.java:256) ~[hibernate-core-6.6.33.Final.jar:6.6.33.Final]
	at org.hibernate.tool.schema.internal.SchemaDropperImpl.dropFromMetadata(SchemaDropperImpl.java:218) ~[hibernate-core-6.6.33.Final.jar:6.6.33.Final]
	at org.hibernate.tool.schema.internal.SchemaDropperImpl.performDrop(SchemaDropperImpl.java:186) ~[hibernate-core-6.6.33.Final.jar:6.6.33.Final]
	at org.hibernate.tool.schema.internal.SchemaDropperImpl.doDrop(SchemaDropperImpl.java:156) ~[hibernate-core-6.6.33.Final.jar:6.6.33.Final]
	at org.hibernate.tool.schema.internal.SchemaDropperImpl.doDrop(SchemaDropperImpl.java:116) ~[hibernate-core-6.6.33.Final.jar:6.6.33.Final]
	at org.hibernate.tool.schema.spi.SchemaManagementToolCoordinator.performDatabaseAction(SchemaManagementToolCoordinator.java:238) ~[hibernate-core-6.6.33.Final.jar:6.6.33.Final]
	at org.hibernate.tool.schema.spi.SchemaManagementToolCoordinator.lambda$process$5(SchemaManagementToolCoordinator.java:144) ~[hibernate-core-6.6.33.Final.jar:6.6.33.Final]
	at java.base/java.util.HashMap.forEach(HashMap.java:1421) ~[na:na]
	at org.hibernate.tool.schema.spi.SchemaManagementToolCoordinator.process(SchemaManagementToolCoordinator.java:141) ~[hibernate-core-6.6.33.Final.jar:6.6.33.Final]
	at org.hibernate.boot.internal.SessionFactoryObserverForSchemaExport.sessionFactoryCreated(SessionFactoryObserverForSchemaExport.java:37) ~[hibernate-core-6.6.33.Final.jar:6.6.33.Final]
	at org.hibernate.internal.SessionFactoryObserverChain.sessionFactoryCreated(SessionFactoryObserverChain.java:35) ~[hibernate-core-6.6.33.Final.jar:6.6.33.Final]
	at org.hibernate.internal.SessionFactoryImpl.<init>(SessionFactoryImpl.java:324) ~[hibernate-core-6.6.33.Final.jar:6.6.33.Final]
	at org.hibernate.boot.internal.SessionFactoryBuilderImpl.build(SessionFactoryBuilderImpl.java:463) ~[hibernate-core-6.6.33.Final.jar:6.6.33.Final]
	at org.hibernate.jpa.boot.internal.EntityManagerFactoryBuilderImpl.build(EntityManagerFactoryBuilderImpl.java:1517) ~[hibernate-core-6.6.33.Final.jar:6.6.33.Final]
	at org.springframework.orm.jpa.vendor.SpringHibernateJpaPersistenceProvider.createContainerEntityManagerFactory(SpringHibernateJpaPersistenceProvider.java:66) ~[spring-orm-6.2.12.jar:6.2.12]
	at org.springframework.orm.jpa.LocalContainerEntityManagerFactoryBean.createNativeEntityManagerFactory(LocalContainerEntityManagerFactoryBean.java:390) ~[spring-orm-6.2.12.jar:6.2.12]
	at org.springframework.orm.jpa.AbstractEntityManagerFactoryBean.buildNativeEntityManagerFactory(AbstractEntityManagerFactoryBean.java:419) ~[spring-orm-6.2.12.jar:6.2.12]
	at org.springframework.orm.jpa.AbstractEntityManagerFactoryBean.afterPropertiesSet(AbstractEntityManagerFactoryBean.java:400) ~[spring-orm-6.2.12.jar:6.2.12]
	at org.springframework.orm.jpa.LocalContainerEntityManagerFactoryBean.afterPropertiesSet(LocalContainerEntityManagerFactoryBean.java:366) ~[spring-orm-6.2.12.jar:6.2.12]
	at org.springframework.beans.factory.support.AbstractAutowireCapableBeanFactory.invokeInitMethods(AbstractAutowireCapableBeanFactory.java:1873) ~[spring-beans-6.2.12.jar:6.2.12]
	at org.springframework.beans.factory.support.AbstractAutowireCapableBeanFactory.initializeBean(AbstractAutowireCapableBeanFactory.java:1822) ~[spring-beans-6.2.12.jar:6.2.12]
	at org.springframework.beans.factory.support.AbstractAutowireCapableBeanFactory.doCreateBean(AbstractAutowireCapableBeanFactory.java:607) ~[spring-beans-6.2.12.jar:6.2.12]
	at org.springframework.beans.factory.support.AbstractAutowireCapableBeanFactory.createBean(AbstractAutowireCapableBeanFactory.java:529) ~[spring-beans-6.2.12.jar:6.2.12]
	at org.springframework.beans.factory.support.AbstractBeanFactory.lambda$doGetBean$0(AbstractBeanFactory.java:339) ~[spring-beans-6.2.12.jar:6.2.12]
	at org.springframework.beans.factory.support.DefaultSingletonBeanRegistry.getSingleton(DefaultSingletonBeanRegistry.java:373) ~[spring-beans-6.2.12.jar:6.2.12]
	at org.springframework.beans.factory.support.AbstractBeanFactory.doGetBean(AbstractBeanFactory.java:337) ~[spring-beans-6.2.12.jar:6.2.12]
	at org.springframework.beans.factory.support.AbstractBeanFactory.getBean(AbstractBeanFactory.java:207) ~[spring-beans-6.2.12.jar:6.2.12]
	at org.springframework.context.support.AbstractApplicationContext.finishBeanFactoryInitialization(AbstractApplicationContext.java:973) ~[spring-context-6.2.12.jar:6.2.12]
	at org.springframework.context.support.AbstractApplicationContext.refresh(AbstractApplicationContext.java:627) ~[spring-context-6.2.12.jar:6.2.12]
	at org.springframework.boot.web.servlet.context.ServletWebServerApplicationContext.refresh(ServletWebServerApplicationContext.java:146) ~[spring-boot-3.5.7.jar:3.5.7]
	at org.springframework.boot.SpringApplication.refresh(SpringApplication.java:752) ~[spring-boot-3.5.7.jar:3.5.7]
	at org.springframework.boot.SpringApplication.refreshContext(SpringApplication.java:439) ~[spring-boot-3.5.7.jar:3.5.7]
	at org.springframework.boot.SpringApplication.run(SpringApplication.java:318) ~[spring-boot-3.5.7.jar:3.5.7]
	at org.springframework.boot.SpringApplication.run(SpringApplication.java:1361) ~[spring-boot-3.5.7.jar:3.5.7]
	at org.springframework.boot.SpringApplication.run(SpringApplication.java:1350) ~[spring-boot-3.5.7.jar:3.5.7]
	at hk.polyu.comp.project3335.securedb.SecuredbApplication.main(SecuredbApplication.java:10) ~[main/:na]
Caused by: java.sql.SQLSyntaxErrorException: DROP command denied to user 'comp3335'@'localhost' for table 'disciplinary_records'
	at com.mysql.cj.jdbc.exceptions.SQLError.createSQLException(SQLError.java:112) ~[mysql-connector-j-9.4.0.jar:9.4.0]
	at com.mysql.cj.jdbc.exceptions.SQLExceptionsMapping.translateException(SQLExceptionsMapping.java:114) ~[mysql-connector-j-9.4.0.jar:9.4.0]
	at com.mysql.cj.jdbc.StatementImpl.executeInternal(StatementImpl.java:837) ~[mysql-connector-j-9.4.0.jar:9.4.0]
	at com.mysql.cj.jdbc.StatementImpl.execute(StatementImpl.java:685) ~[mysql-connector-j-9.4.0.jar:9.4.0]
	at com.zaxxer.hikari.pool.ProxyStatement.execute(ProxyStatement.java:95) ~[HikariCP-6.3.3.jar:na]
	at com.zaxxer.hikari.pool.HikariProxyStatement.execute(HikariProxyStatement.java) ~[HikariCP-6.3.3.jar:na]
	at org.hibernate.tool.schema.internal.exec.GenerationTargetToDatabase.accept(GenerationTargetToDatabase.java:80) ~[hibernate-core-6.6.33.Final.jar:6.6.33.Final]
	... 39 common frames omitted

2025-11-22T11:57:51.558+08:00 DEBUG 2071 --- [main] org.hibernate.SQL                        : drop table if exists grades
2025-11-22T11:57:51.559+08:00  WARN 2071 --- [main] o.h.t.s.i.ExceptionHandlerLoggedImpl     : GenerationTarget encountered exception accepting command : Error executing DDL "drop table if exists grades" via JDBC [DROP command denied to user 'comp3335'@'localhost' for table 'grades']

org.hibernate.tool.schema.spi.CommandAcceptanceException: Error executing DDL "drop table if exists grades" via JDBC [DROP command denied to user 'comp3335'@'localhost' for table 'grades']
	at org.hibernate.tool.schema.internal.exec.GenerationTargetToDatabase.accept(GenerationTargetToDatabase.java:94) ~[hibernate-core-6.6.33.Final.jar:6.6.33.Final]
	at org.hibernate.tool.schema.internal.Helper.applySqlString(Helper.java:233) ~[hibernate-core-6.6.33.Final.jar:6.6.33.Final]
	at org.hibernate.tool.schema.internal.Helper.applySqlStrings(Helper.java:217) ~[hibernate-core-6.6.33.Final.jar:6.6.33.Final]
	at org.hibernate.tool.schema.internal.SchemaDropperImpl.dropTables(SchemaDropperImpl.java:384) ~[hibernate-core-6.6.33.Final.jar:6.6.33.Final]
	at org.hibernate.tool.schema.internal.SchemaDropperImpl.dropConstraintsTablesSequences(SchemaDropperImpl.java:256) ~[hibernate-core-6.6.33.Final.jar:6.6.33.Final]
	at org.hibernate.tool.schema.internal.SchemaDropperImpl.dropFromMetadata(SchemaDropperImpl.java:218) ~[hibernate-core-6.6.33.Final.jar:6.6.33.Final]
	at org.hibernate.tool.schema.internal.SchemaDropperImpl.performDrop(SchemaDropperImpl.java:186) ~[hibernate-core-6.6.33.Final.jar:6.6.33.Final]
	at org.hibernate.tool.schema.internal.SchemaDropperImpl.doDrop(SchemaDropperImpl.java:156) ~[hibernate-core-6.6.33.Final.jar:6.6.33.Final]
	at org.hibernate.tool.schema.internal.SchemaDropperImpl.doDrop(SchemaDropperImpl.java:116) ~[hibernate-core-6.6.33.Final.jar:6.6.33.Final]
	at org.hibernate.tool.schema.spi.SchemaManagementToolCoordinator.performDatabaseAction(SchemaManagementToolCoordinator.java:238) ~[hibernate-core-6.6.33.Final.jar:6.6.33.Final]
	at org.hibernate.tool.schema.spi.SchemaManagementToolCoordinator.lambda$process$5(SchemaManagementToolCoordinator.java:144) ~[hibernate-core-6.6.33.Final.jar:6.6.33.Final]
	at java.base/java.util.HashMap.forEach(HashMap.java:1421) ~[na:na]
	at org.hibernate.tool.schema.spi.SchemaManagementToolCoordinator.process(SchemaManagementToolCoordinator.java:141) ~[hibernate-core-6.6.33.Final.jar:6.6.33.Final]
	at org.hibernate.boot.internal.SessionFactoryObserverForSchemaExport.sessionFactoryCreated(SessionFactoryObserverForSchemaExport.java:37) ~[hibernate-core-6.6.33.Final.jar:6.6.33.Final]
	at org.hibernate.internal.SessionFactoryObserverChain.sessionFactoryCreated(SessionFactoryObserverChain.java:35) ~[hibernate-core-6.6.33.Final.jar:6.6.33.Final]
	at org.hibernate.internal.SessionFactoryImpl.<init>(SessionFactoryImpl.java:324) ~[hibernate-core-6.6.33.Final.jar:6.6.33.Final]
	at org.hibernate.boot.internal.SessionFactoryBuilderImpl.build(SessionFactoryBuilderImpl.java:463) ~[hibernate-core-6.6.33.Final.jar:6.6.33.Final]
	at org.hibernate.jpa.boot.internal.EntityManagerFactoryBuilderImpl.build(EntityManagerFactoryBuilderImpl.java:1517) ~[hibernate-core-6.6.33.Final.jar:6.6.33.Final]
	at org.springframework.orm.jpa.vendor.SpringHibernateJpaPersistenceProvider.createContainerEntityManagerFactory(SpringHibernateJpaPersistenceProvider.java:66) ~[spring-orm-6.2.12.jar:6.2.12]
	at org.springframework.orm.jpa.LocalContainerEntityManagerFactoryBean.createNativeEntityManagerFactory(LocalContainerEntityManagerFactoryBean.java:390) ~[spring-orm-6.2.12.jar:6.2.12]
	at org.springframework.orm.jpa.AbstractEntityManagerFactoryBean.buildNativeEntityManagerFactory(AbstractEntityManagerFactoryBean.java:419) ~[spring-orm-6.2.12.jar:6.2.12]
	at org.springframework.orm.jpa.AbstractEntityManagerFactoryBean.afterPropertiesSet(AbstractEntityManagerFactoryBean.java:400) ~[spring-orm-6.2.12.jar:6.2.12]
	at org.springframework.orm.jpa.LocalContainerEntityManagerFactoryBean.afterPropertiesSet(LocalContainerEntityManagerFactoryBean.java:366) ~[spring-orm-6.2.12.jar:6.2.12]
	at org.springframework.beans.factory.support.AbstractAutowireCapableBeanFactory.invokeInitMethods(AbstractAutowireCapableBeanFactory.java:1873) ~[spring-beans-6.2.12.jar:6.2.12]
	at org.springframework.beans.factory.support.AbstractAutowireCapableBeanFactory.initializeBean(AbstractAutowireCapableBeanFactory.java:1822) ~[spring-beans-6.2.12.jar:6.2.12]
	at org.springframework.beans.factory.support.AbstractAutowireCapableBeanFactory.doCreateBean(AbstractAutowireCapableBeanFactory.java:607) ~[spring-beans-6.2.12.jar:6.2.12]
	at org.springframework.beans.factory.support.AbstractAutowireCapableBeanFactory.createBean(AbstractAutowireCapableBeanFactory.java:529) ~[spring-beans-6.2.12.jar:6.2.12]
	at org.springframework.beans.factory.support.AbstractBeanFactory.lambda$doGetBean$0(AbstractBeanFactory.java:339) ~[spring-beans-6.2.12.jar:6.2.12]
	at org.springframework.beans.factory.support.DefaultSingletonBeanRegistry.getSingleton(DefaultSingletonBeanRegistry.java:373) ~[spring-beans-6.2.12.jar:6.2.12]
	at org.springframework.beans.factory.support.AbstractBeanFactory.doGetBean(AbstractBeanFactory.java:337) ~[spring-beans-6.2.12.jar:6.2.12]
	at org.springframework.beans.factory.support.AbstractBeanFactory.getBean(AbstractBeanFactory.java:207) ~[spring-beans-6.2.12.jar:6.2.12]
	at org.springframework.context.support.AbstractApplicationContext.finishBeanFactoryInitialization(AbstractApplicationContext.java:973) ~[spring-context-6.2.12.jar:6.2.12]
	at org.springframework.context.support.AbstractApplicationContext.refresh(AbstractApplicationContext.java:627) ~[spring-context-6.2.12.jar:6.2.12]
	at org.springframework.boot.web.servlet.context.ServletWebServerApplicationContext.refresh(ServletWebServerApplicationContext.java:146) ~[spring-boot-3.5.7.jar:3.5.7]
	at org.springframework.boot.SpringApplication.refresh(SpringApplication.java:752) ~[spring-boot-3.5.7.jar:3.5.7]
	at org.springframework.boot.SpringApplication.refreshContext(SpringApplication.java:439) ~[spring-boot-3.5.7.jar:3.5.7]
	at org.springframework.boot.SpringApplication.run(SpringApplication.java:318) ~[spring-boot-3.5.7.jar:3.5.7]
	at org.springframework.boot.SpringApplication.run(SpringApplication.java:1361) ~[spring-boot-3.5.7.jar:3.5.7]
	at org.springframework.boot.SpringApplication.run(SpringApplication.java:1350) ~[spring-boot-3.5.7.jar:3.5.7]
	at hk.polyu.comp.project3335.securedb.SecuredbApplication.main(SecuredbApplication.java:10) ~[main/:na]
Caused by: java.sql.SQLSyntaxErrorException: DROP command denied to user 'comp3335'@'localhost' for table 'grades'
	at com.mysql.cj.jdbc.exceptions.SQLError.createSQLException(SQLError.java:112) ~[mysql-connector-j-9.4.0.jar:9.4.0]
	at com.mysql.cj.jdbc.exceptions.SQLExceptionsMapping.translateException(SQLExceptionsMapping.java:114) ~[mysql-connector-j-9.4.0.jar:9.4.0]
	at com.mysql.cj.jdbc.StatementImpl.executeInternal(StatementImpl.java:837) ~[mysql-connector-j-9.4.0.jar:9.4.0]
	at com.mysql.cj.jdbc.StatementImpl.execute(StatementImpl.java:685) ~[mysql-connector-j-9.4.0.jar:9.4.0]
	at com.zaxxer.hikari.pool.ProxyStatement.execute(ProxyStatement.java:95) ~[HikariCP-6.3.3.jar:na]
	at com.zaxxer.hikari.pool.HikariProxyStatement.execute(HikariProxyStatement.java) ~[HikariCP-6.3.3.jar:na]
	at org.hibernate.tool.schema.internal.exec.GenerationTargetToDatabase.accept(GenerationTargetToDatabase.java:80) ~[hibernate-core-6.6.33.Final.jar:6.6.33.Final]
	... 39 common frames omitted

2025-11-22T11:57:51.559+08:00 DEBUG 2071 --- [main] org.hibernate.SQL                        : drop table if exists guardians
2025-11-22T11:57:51.559+08:00  WARN 2071 --- [main] o.h.t.s.i.ExceptionHandlerLoggedImpl     : GenerationTarget encountered exception accepting command : Error executing DDL "drop table if exists guardians" via JDBC [DROP command denied to user 'comp3335'@'localhost' for table 'guardians']

org.hibernate.tool.schema.spi.CommandAcceptanceException: Error executing DDL "drop table if exists guardians" via JDBC [DROP command denied to user 'comp3335'@'localhost' for table 'guardians']
	at org.hibernate.tool.schema.internal.exec.GenerationTargetToDatabase.accept(GenerationTargetToDatabase.java:94) ~[hibernate-core-6.6.33.Final.jar:6.6.33.Final]
	at org.hibernate.tool.schema.internal.Helper.applySqlString(Helper.java:233) ~[hibernate-core-6.6.33.Final.jar:6.6.33.Final]
	at org.hibernate.tool.schema.internal.Helper.applySqlStrings(Helper.java:217) ~[hibernate-core-6.6.33.Final.jar:6.6.33.Final]
	at org.hibernate.tool.schema.internal.SchemaDropperImpl.dropTables(SchemaDropperImpl.java:384) ~[hibernate-core-6.6.33.Final.jar:6.6.33.Final]
	at org.hibernate.tool.schema.internal.SchemaDropperImpl.dropConstraintsTablesSequences(SchemaDropperImpl.java:256) ~[hibernate-core-6.6.33.Final.jar:6.6.33.Final]
	at org.hibernate.tool.schema.internal.SchemaDropperImpl.dropFromMetadata(SchemaDropperImpl.java:218) ~[hibernate-core-6.6.33.Final.jar:6.6.33.Final]
	at org.hibernate.tool.schema.internal.SchemaDropperImpl.performDrop(SchemaDropperImpl.java:186) ~[hibernate-core-6.6.33.Final.jar:6.6.33.Final]
	at org.hibernate.tool.schema.internal.SchemaDropperImpl.doDrop(SchemaDropperImpl.java:156) ~[hibernate-core-6.6.33.Final.jar:6.6.33.Final]
	at org.hibernate.tool.schema.internal.SchemaDropperImpl.doDrop(SchemaDropperImpl.java:116) ~[hibernate-core-6.6.33.Final.jar:6.6.33.Final]
	at org.hibernate.tool.schema.spi.SchemaManagementToolCoordinator.performDatabaseAction(SchemaManagementToolCoordinator.java:238) ~[hibernate-core-6.6.33.Final.jar:6.6.33.Final]
	at org.hibernate.tool.schema.spi.SchemaManagementToolCoordinator.lambda$process$5(SchemaManagementToolCoordinator.java:144) ~[hibernate-core-6.6.33.Final.jar:6.6.33.Final]
	at java.base/java.util.HashMap.forEach(HashMap.java:1421) ~[na:na]
	at org.hibernate.tool.schema.spi.SchemaManagementToolCoordinator.process(SchemaManagementToolCoordinator.java:141) ~[hibernate-core-6.6.33.Final.jar:6.6.33.Final]
	at org.hibernate.boot.internal.SessionFactoryObserverForSchemaExport.sessionFactoryCreated(SessionFactoryObserverForSchemaExport.java:37) ~[hibernate-core-6.6.33.Final.jar:6.6.33.Final]
	at org.hibernate.internal.SessionFactoryObserverChain.sessionFactoryCreated(SessionFactoryObserverChain.java:35) ~[hibernate-core-6.6.33.Final.jar:6.6.33.Final]
	at org.hibernate.internal.SessionFactoryImpl.<init>(SessionFactoryImpl.java:324) ~[hibernate-core-6.6.33.Final.jar:6.6.33.Final]
	at org.hibernate.boot.internal.SessionFactoryBuilderImpl.build(SessionFactoryBuilderImpl.java:463) ~[hibernate-core-6.6.33.Final.jar:6.6.33.Final]
	at org.hibernate.jpa.boot.internal.EntityManagerFactoryBuilderImpl.build(EntityManagerFactoryBuilderImpl.java:1517) ~[hibernate-core-6.6.33.Final.jar:6.6.33.Final]
	at org.springframework.orm.jpa.vendor.SpringHibernateJpaPersistenceProvider.createContainerEntityManagerFactory(SpringHibernateJpaPersistenceProvider.java:66) ~[spring-orm-6.2.12.jar:6.2.12]
	at org.springframework.orm.jpa.LocalContainerEntityManagerFactoryBean.createNativeEntityManagerFactory(LocalContainerEntityManagerFactoryBean.java:390) ~[spring-orm-6.2.12.jar:6.2.12]
	at org.springframework.orm.jpa.AbstractEntityManagerFactoryBean.buildNativeEntityManagerFactory(AbstractEntityManagerFactoryBean.java:419) ~[spring-orm-6.2.12.jar:6.2.12]
	at org.springframework.orm.jpa.AbstractEntityManagerFactoryBean.afterPropertiesSet(AbstractEntityManagerFactoryBean.java:400) ~[spring-orm-6.2.12.jar:6.2.12]
	at org.springframework.orm.jpa.LocalContainerEntityManagerFactoryBean.afterPropertiesSet(LocalContainerEntityManagerFactoryBean.java:366) ~[spring-orm-6.2.12.jar:6.2.12]
	at org.springframework.beans.factory.support.AbstractAutowireCapableBeanFactory.invokeInitMethods(AbstractAutowireCapableBeanFactory.java:1873) ~[spring-beans-6.2.12.jar:6.2.12]
	at org.springframework.beans.factory.support.AbstractAutowireCapableBeanFactory.initializeBean(AbstractAutowireCapableBeanFactory.java:1822) ~[spring-beans-6.2.12.jar:6.2.12]
	at org.springframework.beans.factory.support.AbstractAutowireCapableBeanFactory.doCreateBean(AbstractAutowireCapableBeanFactory.java:607) ~[spring-beans-6.2.12.jar:6.2.12]
	at org.springframework.beans.factory.support.AbstractAutowireCapableBeanFactory.createBean(AbstractAutowireCapableBeanFactory.java:529) ~[spring-beans-6.2.12.jar:6.2.12]
	at org.springframework.beans.factory.support.AbstractBeanFactory.lambda$doGetBean$0(AbstractBeanFactory.java:339) ~[spring-beans-6.2.12.jar:6.2.12]
	at org.springframework.beans.factory.support.DefaultSingletonBeanRegistry.getSingleton(DefaultSingletonBeanRegistry.java:373) ~[spring-beans-6.2.12.jar:6.2.12]
	at org.springframework.beans.factory.support.AbstractBeanFactory.doGetBean(AbstractBeanFactory.java:337) ~[spring-beans-6.2.12.jar:6.2.12]
	at org.springframework.beans.factory.support.AbstractBeanFactory.getBean(AbstractBeanFactory.java:207) ~[spring-beans-6.2.12.jar:6.2.12]
	at org.springframework.context.support.AbstractApplicationContext.finishBeanFactoryInitialization(AbstractApplicationContext.java:973) ~[spring-context-6.2.12.jar:6.2.12]
	at org.springframework.context.support.AbstractApplicationContext.refresh(AbstractApplicationContext.java:627) ~[spring-context-6.2.12.jar:6.2.12]
	at org.springframework.boot.web.servlet.context.ServletWebServerApplicationContext.refresh(ServletWebServerApplicationContext.java:146) ~[spring-boot-3.5.7.jar:3.5.7]
	at org.springframework.boot.SpringApplication.refresh(SpringApplication.java:752) ~[spring-boot-3.5.7.jar:3.5.7]
	at org.springframework.boot.SpringApplication.refreshContext(SpringApplication.java:439) ~[spring-boot-3.5.7.jar:3.5.7]
	at org.springframework.boot.SpringApplication.run(SpringApplication.java:318) ~[spring-boot-3.5.7.jar:3.5.7]
	at org.springframework.boot.SpringApplication.run(SpringApplication.java:1361) ~[spring-boot-3.5.7.jar:3.5.7]
	at org.springframework.boot.SpringApplication.run(SpringApplication.java:1350) ~[spring-boot-3.5.7.jar:3.5.7]
	at hk.polyu.comp.project3335.securedb.SecuredbApplication.main(SecuredbApplication.java:10) ~[main/:na]
Caused by: java.sql.SQLSyntaxErrorException: DROP command denied to user 'comp3335'@'localhost' for table 'guardians'
	at com.mysql.cj.jdbc.exceptions.SQLError.createSQLException(SQLError.java:112) ~[mysql-connector-j-9.4.0.jar:9.4.0]
	at com.mysql.cj.jdbc.exceptions.SQLExceptionsMapping.translateException(SQLExceptionsMapping.java:114) ~[mysql-connector-j-9.4.0.jar:9.4.0]
	at com.mysql.cj.jdbc.StatementImpl.executeInternal(StatementImpl.java:837) ~[mysql-connector-j-9.4.0.jar:9.4.0]
	at com.mysql.cj.jdbc.StatementImpl.execute(StatementImpl.java:685) ~[mysql-connector-j-9.4.0.jar:9.4.0]
	at com.zaxxer.hikari.pool.ProxyStatement.execute(ProxyStatement.java:95) ~[HikariCP-6.3.3.jar:na]
	at com.zaxxer.hikari.pool.HikariProxyStatement.execute(HikariProxyStatement.java) ~[HikariCP-6.3.3.jar:na]
	at org.hibernate.tool.schema.internal.exec.GenerationTargetToDatabase.accept(GenerationTargetToDatabase.java:80) ~[hibernate-core-6.6.33.Final.jar:6.6.33.Final]
	... 39 common frames omitted

2025-11-22T11:57:51.560+08:00 DEBUG 2071 --- [main] org.hibernate.SQL                        : drop table if exists staffs
2025-11-22T11:57:51.560+08:00  WARN 2071 --- [main] o.h.t.s.i.ExceptionHandlerLoggedImpl     : GenerationTarget encountered exception accepting command : Error executing DDL "drop table if exists staffs" via JDBC [DROP command denied to user 'comp3335'@'localhost' for table 'staffs']

org.hibernate.tool.schema.spi.CommandAcceptanceException: Error executing DDL "drop table if exists staffs" via JDBC [DROP command denied to user 'comp3335'@'localhost' for table 'staffs']
	at org.hibernate.tool.schema.internal.exec.GenerationTargetToDatabase.accept(GenerationTargetToDatabase.java:94) ~[hibernate-core-6.6.33.Final.jar:6.6.33.Final]
	at org.hibernate.tool.schema.internal.Helper.applySqlString(Helper.java:233) ~[hibernate-core-6.6.33.Final.jar:6.6.33.Final]
	at org.hibernate.tool.schema.internal.Helper.applySqlStrings(Helper.java:217) ~[hibernate-core-6.6.33.Final.jar:6.6.33.Final]
	at org.hibernate.tool.schema.internal.SchemaDropperImpl.dropTables(SchemaDropperImpl.java:384) ~[hibernate-core-6.6.33.Final.jar:6.6.33.Final]
	at org.hibernate.tool.schema.internal.SchemaDropperImpl.dropConstraintsTablesSequences(SchemaDropperImpl.java:256) ~[hibernate-core-6.6.33.Final.jar:6.6.33.Final]
	at org.hibernate.tool.schema.internal.SchemaDropperImpl.dropFromMetadata(SchemaDropperImpl.java:218) ~[hibernate-core-6.6.33.Final.jar:6.6.33.Final]
	at org.hibernate.tool.schema.internal.SchemaDropperImpl.performDrop(SchemaDropperImpl.java:186) ~[hibernate-core-6.6.33.Final.jar:6.6.33.Final]
	at org.hibernate.tool.schema.internal.SchemaDropperImpl.doDrop(SchemaDropperImpl.java:156) ~[hibernate-core-6.6.33.Final.jar:6.6.33.Final]
	at org.hibernate.tool.schema.internal.SchemaDropperImpl.doDrop(SchemaDropperImpl.java:116) ~[hibernate-core-6.6.33.Final.jar:6.6.33.Final]
	at org.hibernate.tool.schema.spi.SchemaManagementToolCoordinator.performDatabaseAction(SchemaManagementToolCoordinator.java:238) ~[hibernate-core-6.6.33.Final.jar:6.6.33.Final]
	at org.hibernate.tool.schema.spi.SchemaManagementToolCoordinator.lambda$process$5(SchemaManagementToolCoordinator.java:144) ~[hibernate-core-6.6.33.Final.jar:6.6.33.Final]
	at java.base/java.util.HashMap.forEach(HashMap.java:1421) ~[na:na]
	at org.hibernate.tool.schema.spi.SchemaManagementToolCoordinator.process(SchemaManagementToolCoordinator.java:141) ~[hibernate-core-6.6.33.Final.jar:6.6.33.Final]
	at org.hibernate.boot.internal.SessionFactoryObserverForSchemaExport.sessionFactoryCreated(SessionFactoryObserverForSchemaExport.java:37) ~[hibernate-core-6.6.33.Final.jar:6.6.33.Final]
	at org.hibernate.internal.SessionFactoryObserverChain.sessionFactoryCreated(SessionFactoryObserverChain.java:35) ~[hibernate-core-6.6.33.Final.jar:6.6.33.Final]
	at org.hibernate.internal.SessionFactoryImpl.<init>(SessionFactoryImpl.java:324) ~[hibernate-core-6.6.33.Final.jar:6.6.33.Final]
	at org.hibernate.boot.internal.SessionFactoryBuilderImpl.build(SessionFactoryBuilderImpl.java:463) ~[hibernate-core-6.6.33.Final.jar:6.6.33.Final]
	at org.hibernate.jpa.boot.internal.EntityManagerFactoryBuilderImpl.build(EntityManagerFactoryBuilderImpl.java:1517) ~[hibernate-core-6.6.33.Final.jar:6.6.33.Final]
	at org.springframework.orm.jpa.vendor.SpringHibernateJpaPersistenceProvider.createContainerEntityManagerFactory(SpringHibernateJpaPersistenceProvider.java:66) ~[spring-orm-6.2.12.jar:6.2.12]
	at org.springframework.orm.jpa.LocalContainerEntityManagerFactoryBean.createNativeEntityManagerFactory(LocalContainerEntityManagerFactoryBean.java:390) ~[spring-orm-6.2.12.jar:6.2.12]
	at org.springframework.orm.jpa.AbstractEntityManagerFactoryBean.buildNativeEntityManagerFactory(AbstractEntityManagerFactoryBean.java:419) ~[spring-orm-6.2.12.jar:6.2.12]
	at org.springframework.orm.jpa.AbstractEntityManagerFactoryBean.afterPropertiesSet(AbstractEntityManagerFactoryBean.java:400) ~[spring-orm-6.2.12.jar:6.2.12]
	at org.springframework.orm.jpa.LocalContainerEntityManagerFactoryBean.afterPropertiesSet(LocalContainerEntityManagerFactoryBean.java:366) ~[spring-orm-6.2.12.jar:6.2.12]
	at org.springframework.beans.factory.support.AbstractAutowireCapableBeanFactory.invokeInitMethods(AbstractAutowireCapableBeanFactory.java:1873) ~[spring-beans-6.2.12.jar:6.2.12]
	at org.springframework.beans.factory.support.AbstractAutowireCapableBeanFactory.initializeBean(AbstractAutowireCapableBeanFactory.java:1822) ~[spring-beans-6.2.12.jar:6.2.12]
	at org.springframework.beans.factory.support.AbstractAutowireCapableBeanFactory.doCreateBean(AbstractAutowireCapableBeanFactory.java:607) ~[spring-beans-6.2.12.jar:6.2.12]
	at org.springframework.beans.factory.support.AbstractAutowireCapableBeanFactory.createBean(AbstractAutowireCapableBeanFactory.java:529) ~[spring-beans-6.2.12.jar:6.2.12]
	at org.springframework.beans.factory.support.AbstractBeanFactory.lambda$doGetBean$0(AbstractBeanFactory.java:339) ~[spring-beans-6.2.12.jar:6.2.12]
	at org.springframework.beans.factory.support.DefaultSingletonBeanRegistry.getSingleton(DefaultSingletonBeanRegistry.java:373) ~[spring-beans-6.2.12.jar:6.2.12]
	at org.springframework.beans.factory.support.AbstractBeanFactory.doGetBean(AbstractBeanFactory.java:337) ~[spring-beans-6.2.12.jar:6.2.12]
	at org.springframework.beans.factory.support.AbstractBeanFactory.getBean(AbstractBeanFactory.java:207) ~[spring-beans-6.2.12.jar:6.2.12]
	at org.springframework.context.support.AbstractApplicationContext.finishBeanFactoryInitialization(AbstractApplicationContext.java:973) ~[spring-context-6.2.12.jar:6.2.12]
	at org.springframework.context.support.AbstractApplicationContext.refresh(AbstractApplicationContext.java:627) ~[spring-context-6.2.12.jar:6.2.12]
	at org.springframework.boot.web.servlet.context.ServletWebServerApplicationContext.refresh(ServletWebServerApplicationContext.java:146) ~[spring-boot-3.5.7.jar:3.5.7]
	at org.springframework.boot.SpringApplication.refresh(SpringApplication.java:752) ~[spring-boot-3.5.7.jar:3.5.7]
	at org.springframework.boot.SpringApplication.refreshContext(SpringApplication.java:439) ~[spring-boot-3.5.7.jar:3.5.7]
	at org.springframework.boot.SpringApplication.run(SpringApplication.java:318) ~[spring-boot-3.5.7.jar:3.5.7]
	at org.springframework.boot.SpringApplication.run(SpringApplication.java:1361) ~[spring-boot-3.5.7.jar:3.5.7]
	at org.springframework.boot.SpringApplication.run(SpringApplication.java:1350) ~[spring-boot-3.5.7.jar:3.5.7]
	at hk.polyu.comp.project3335.securedb.SecuredbApplication.main(SecuredbApplication.java:10) ~[main/:na]
Caused by: java.sql.SQLSyntaxErrorException: DROP command denied to user 'comp3335'@'localhost' for table 'staffs'
	at com.mysql.cj.jdbc.exceptions.SQLError.createSQLException(SQLError.java:112) ~[mysql-connector-j-9.4.0.jar:9.4.0]
	at com.mysql.cj.jdbc.exceptions.SQLExceptionsMapping.translateException(SQLExceptionsMapping.java:114) ~[mysql-connector-j-9.4.0.jar:9.4.0]
	at com.mysql.cj.jdbc.StatementImpl.executeInternal(StatementImpl.java:837) ~[mysql-connector-j-9.4.0.jar:9.4.0]
	at com.mysql.cj.jdbc.StatementImpl.execute(StatementImpl.java:685) ~[mysql-connector-j-9.4.0.jar:9.4.0]
	at com.zaxxer.hikari.pool.ProxyStatement.execute(ProxyStatement.java:95) ~[HikariCP-6.3.3.jar:na]
	at com.zaxxer.hikari.pool.HikariProxyStatement.execute(HikariProxyStatement.java) ~[HikariCP-6.3.3.jar:na]
	at org.hibernate.tool.schema.internal.exec.GenerationTargetToDatabase.accept(GenerationTargetToDatabase.java:80) ~[hibernate-core-6.6.33.Final.jar:6.6.33.Final]
	... 39 common frames omitted

2025-11-22T11:57:51.560+08:00 DEBUG 2071 --- [main] org.hibernate.SQL                        : drop table if exists students
2025-11-22T11:57:51.561+08:00  WARN 2071 --- [main] o.h.t.s.i.ExceptionHandlerLoggedImpl     : GenerationTarget encountered exception accepting command : Error executing DDL "drop table if exists students" via JDBC [DROP command denied to user 'comp3335'@'localhost' for table 'students']

org.hibernate.tool.schema.spi.CommandAcceptanceException: Error executing DDL "drop table if exists students" via JDBC [DROP command denied to user 'comp3335'@'localhost' for table 'students']
	at org.hibernate.tool.schema.internal.exec.GenerationTargetToDatabase.accept(GenerationTargetToDatabase.java:94) ~[hibernate-core-6.6.33.Final.jar:6.6.33.Final]
	at org.hibernate.tool.schema.internal.Helper.applySqlString(Helper.java:233) ~[hibernate-core-6.6.33.Final.jar:6.6.33.Final]
	at org.hibernate.tool.schema.internal.Helper.applySqlStrings(Helper.java:217) ~[hibernate-core-6.6.33.Final.jar:6.6.33.Final]
	at org.hibernate.tool.schema.internal.SchemaDropperImpl.dropTables(SchemaDropperImpl.java:384) ~[hibernate-core-6.6.33.Final.jar:6.6.33.Final]
	at org.hibernate.tool.schema.internal.SchemaDropperImpl.dropConstraintsTablesSequences(SchemaDropperImpl.java:256) ~[hibernate-core-6.6.33.Final.jar:6.6.33.Final]
	at org.hibernate.tool.schema.internal.SchemaDropperImpl.dropFromMetadata(SchemaDropperImpl.java:218) ~[hibernate-core-6.6.33.Final.jar:6.6.33.Final]
	at org.hibernate.tool.schema.internal.SchemaDropperImpl.performDrop(SchemaDropperImpl.java:186) ~[hibernate-core-6.6.33.Final.jar:6.6.33.Final]
	at org.hibernate.tool.schema.internal.SchemaDropperImpl.doDrop(SchemaDropperImpl.java:156) ~[hibernate-core-6.6.33.Final.jar:6.6.33.Final]
	at org.hibernate.tool.schema.internal.SchemaDropperImpl.doDrop(SchemaDropperImpl.java:116) ~[hibernate-core-6.6.33.Final.jar:6.6.33.Final]
	at org.hibernate.tool.schema.spi.SchemaManagementToolCoordinator.performDatabaseAction(SchemaManagementToolCoordinator.java:238) ~[hibernate-core-6.6.33.Final.jar:6.6.33.Final]
	at org.hibernate.tool.schema.spi.SchemaManagementToolCoordinator.lambda$process$5(SchemaManagementToolCoordinator.java:144) ~[hibernate-core-6.6.33.Final.jar:6.6.33.Final]
	at java.base/java.util.HashMap.forEach(HashMap.java:1421) ~[na:na]
	at org.hibernate.tool.schema.spi.SchemaManagementToolCoordinator.process(SchemaManagementToolCoordinator.java:141) ~[hibernate-core-6.6.33.Final.jar:6.6.33.Final]
	at org.hibernate.boot.internal.SessionFactoryObserverForSchemaExport.sessionFactoryCreated(SessionFactoryObserverForSchemaExport.java:37) ~[hibernate-core-6.6.33.Final.jar:6.6.33.Final]
	at org.hibernate.internal.SessionFactoryObserverChain.sessionFactoryCreated(SessionFactoryObserverChain.java:35) ~[hibernate-core-6.6.33.Final.jar:6.6.33.Final]
	at org.hibernate.internal.SessionFactoryImpl.<init>(SessionFactoryImpl.java:324) ~[hibernate-core-6.6.33.Final.jar:6.6.33.Final]
	at org.hibernate.boot.internal.SessionFactoryBuilderImpl.build(SessionFactoryBuilderImpl.java:463) ~[hibernate-core-6.6.33.Final.jar:6.6.33.Final]
	at org.hibernate.jpa.boot.internal.EntityManagerFactoryBuilderImpl.build(EntityManagerFactoryBuilderImpl.java:1517) ~[hibernate-core-6.6.33.Final.jar:6.6.33.Final]
	at org.springframework.orm.jpa.vendor.SpringHibernateJpaPersistenceProvider.createContainerEntityManagerFactory(SpringHibernateJpaPersistenceProvider.java:66) ~[spring-orm-6.2.12.jar:6.2.12]
	at org.springframework.orm.jpa.LocalContainerEntityManagerFactoryBean.createNativeEntityManagerFactory(LocalContainerEntityManagerFactoryBean.java:390) ~[spring-orm-6.2.12.jar:6.2.12]
	at org.springframework.orm.jpa.AbstractEntityManagerFactoryBean.buildNativeEntityManagerFactory(AbstractEntityManagerFactoryBean.java:419) ~[spring-orm-6.2.12.jar:6.2.12]
	at org.springframework.orm.jpa.AbstractEntityManagerFactoryBean.afterPropertiesSet(AbstractEntityManagerFactoryBean.java:400) ~[spring-orm-6.2.12.jar:6.2.12]
	at org.springframework.orm.jpa.LocalContainerEntityManagerFactoryBean.afterPropertiesSet(LocalContainerEntityManagerFactoryBean.java:366) ~[spring-orm-6.2.12.jar:6.2.12]
	at org.springframework.beans.factory.support.AbstractAutowireCapableBeanFactory.invokeInitMethods(AbstractAutowireCapableBeanFactory.java:1873) ~[spring-beans-6.2.12.jar:6.2.12]
	at org.springframework.beans.factory.support.AbstractAutowireCapableBeanFactory.initializeBean(AbstractAutowireCapableBeanFactory.java:1822) ~[spring-beans-6.2.12.jar:6.2.12]
	at org.springframework.beans.factory.support.AbstractAutowireCapableBeanFactory.doCreateBean(AbstractAutowireCapableBeanFactory.java:607) ~[spring-beans-6.2.12.jar:6.2.12]
	at org.springframework.beans.factory.support.AbstractAutowireCapableBeanFactory.createBean(AbstractAutowireCapableBeanFactory.java:529) ~[spring-beans-6.2.12.jar:6.2.12]
	at org.springframework.beans.factory.support.AbstractBeanFactory.lambda$doGetBean$0(AbstractBeanFactory.java:339) ~[spring-beans-6.2.12.jar:6.2.12]
	at org.springframework.beans.factory.support.DefaultSingletonBeanRegistry.getSingleton(DefaultSingletonBeanRegistry.java:373) ~[spring-beans-6.2.12.jar:6.2.12]
	at org.springframework.beans.factory.support.AbstractBeanFactory.doGetBean(AbstractBeanFactory.java:337) ~[spring-beans-6.2.12.jar:6.2.12]
	at org.springframework.beans.factory.support.AbstractBeanFactory.getBean(AbstractBeanFactory.java:207) ~[spring-beans-6.2.12.jar:6.2.12]
	at org.springframework.context.support.AbstractApplicationContext.finishBeanFactoryInitialization(AbstractApplicationContext.java:973) ~[spring-context-6.2.12.jar:6.2.12]
	at org.springframework.context.support.AbstractApplicationContext.refresh(AbstractApplicationContext.java:627) ~[spring-context-6.2.12.jar:6.2.12]
	at org.springframework.boot.web.servlet.context.ServletWebServerApplicationContext.refresh(ServletWebServerApplicationContext.java:146) ~[spring-boot-3.5.7.jar:3.5.7]
	at org.springframework.boot.SpringApplication.refresh(SpringApplication.java:752) ~[spring-boot-3.5.7.jar:3.5.7]
	at org.springframework.boot.SpringApplication.refreshContext(SpringApplication.java:439) ~[spring-boot-3.5.7.jar:3.5.7]
	at org.springframework.boot.SpringApplication.run(SpringApplication.java:318) ~[spring-boot-3.5.7.jar:3.5.7]
	at org.springframework.boot.SpringApplication.run(SpringApplication.java:1361) ~[spring-boot-3.5.7.jar:3.5.7]
	at org.springframework.boot.SpringApplication.run(SpringApplication.java:1350) ~[spring-boot-3.5.7.jar:3.5.7]
	at hk.polyu.comp.project3335.securedb.SecuredbApplication.main(SecuredbApplication.java:10) ~[main/:na]
Caused by: java.sql.SQLSyntaxErrorException: DROP command denied to user 'comp3335'@'localhost' for table 'students'
	at com.mysql.cj.jdbc.exceptions.SQLError.createSQLException(SQLError.java:112) ~[mysql-connector-j-9.4.0.jar:9.4.0]
	at com.mysql.cj.jdbc.exceptions.SQLExceptionsMapping.translateException(SQLExceptionsMapping.java:114) ~[mysql-connector-j-9.4.0.jar:9.4.0]
	at com.mysql.cj.jdbc.StatementImpl.executeInternal(StatementImpl.java:837) ~[mysql-connector-j-9.4.0.jar:9.4.0]
	at com.mysql.cj.jdbc.StatementImpl.execute(StatementImpl.java:685) ~[mysql-connector-j-9.4.0.jar:9.4.0]
	at com.zaxxer.hikari.pool.ProxyStatement.execute(ProxyStatement.java:95) ~[HikariCP-6.3.3.jar:na]
	at com.zaxxer.hikari.pool.HikariProxyStatement.execute(HikariProxyStatement.java) ~[HikariCP-6.3.3.jar:na]
	at org.hibernate.tool.schema.internal.exec.GenerationTargetToDatabase.accept(GenerationTargetToDatabase.java:80) ~[hibernate-core-6.6.33.Final.jar:6.6.33.Final]
	... 39 common frames omitted

2025-11-22T11:57:51.563+08:00 DEBUG 2071 --- [main] org.hibernate.SQL                        : create table auth_users (enabled bit, guardian_id bigint, id bigint not null auto_increment, staff_id bigint, student_id bigint, role varchar(16) not null, email varchar(100) not null, password_hash varchar(100) not null, primary key (id)) engine=InnoDB
2025-11-22T11:57:51.575+08:00 DEBUG 2071 --- [main] org.hibernate.SQL                        : create table courses (id bigint not null auto_increment, code varchar(10) not null, course_name varchar(50) not null, primary key (id)) engine=InnoDB
2025-11-22T11:57:51.582+08:00 DEBUG 2071 --- [main] org.hibernate.SQL                        : create table disciplinary_records (date date not null, id bigint not null auto_increment, staff_id bigint not null, student_id bigint not null, descriptions varchar(500), primary key (id)) engine=InnoDB
2025-11-22T11:57:51.589+08:00 DEBUG 2071 --- [main] org.hibernate.SQL                        : create table grades (grade varchar(5), course_id bigint not null, id bigint not null auto_increment, student_id bigint not null, term varchar(10) not null, comments varchar(255), primary key (id)) engine=InnoDB
2025-11-22T11:57:51.594+08:00 DEBUG 2071 --- [main] org.hibernate.SQL                        : create table guardians (id bigint not null auto_increment, phone varchar(20), first_name varchar(50) not null, last_name varchar(50) not null, email varchar(100), primary key (id)) engine=InnoDB
2025-11-22T11:57:51.599+08:00 DEBUG 2071 --- [main] org.hibernate.SQL                        : create table staffs (id bigint not null auto_increment, phone varchar(20), first_name varchar(50) not null, gender varchar(50) not null, identification_number varchar(50) not null, last_name varchar(50) not null, email varchar(100), address varchar(250), department varchar(255), role varchar(255), primary key (id)) engine=InnoDB
2025-11-22T11:57:51.606+08:00 DEBUG 2071 --- [main] org.hibernate.SQL                        : create table students (enrollment_year integer, guardian_id bigint, id bigint not null auto_increment, phone varchar(20), first_name varchar(50) not null, gender varchar(50) not null, identification_number varchar(50) not null, last_name varchar(50) not null, email varchar(100), address varchar(250), guardian_relation varchar(255), primary key (id)) engine=InnoDB
2025-11-22T11:57:51.612+08:00 DEBUG 2071 --- [main] org.hibernate.SQL                        : alter table auth_users add constraint UK6jqfsuvys3lan090p4mk16a5t unique (email)
2025-11-22T11:57:51.619+08:00 DEBUG 2071 --- [main] org.hibernate.SQL                        : alter table guardians add constraint UKfpoo4okxkymnpt38n88fh1um5 unique (email)
2025-11-22T11:57:51.624+08:00 DEBUG 2071 --- [main] org.hibernate.SQL                        : alter table staffs add constraint UKikcos5mg2rbdhyg1v5dbyu5is unique (email)
2025-11-22T11:57:51.630+08:00 DEBUG 2071 --- [main] org.hibernate.SQL                        : alter table students add constraint UKe2rndfrsx22acpq2ty1caeuyw unique (email)
2025-11-22T11:57:51.637+08:00  INFO 2071 --- [main] j.LocalContainerEntityManagerFactoryBean : Initialized JPA EntityManagerFactory for persistence unit 'default'
2025-11-22T11:57:51.763+08:00  INFO 2071 --- [main] o.s.d.j.r.query.QueryEnhancerFactory     : Hibernate is in classpath; If applicable, HQL parser will be used.
2025-11-22T11:57:51.896+08:00  INFO 2071 --- [main] o.s.b.a.w.s.WelcomePageHandlerMapping    : Adding welcome page: class path resource [static/index.html]
2025-11-22T11:57:52.152+08:00  INFO 2071 --- [main] o.s.b.w.embedded.tomcat.TomcatWebServer  : Tomcat started on port 8080 (http) with context path '/'
2025-11-22T11:57:52.156+08:00  INFO 2071 --- [main] h.p.c.p.securedb.SecuredbApplication     : Started SecuredbApplication in 1.683 seconds (process running for 1.838)
2025-11-22T11:58:37.200+08:00  INFO 2071 --- [http-nio-8080-exec-1] o.a.c.c.C.[Tomcat].[localhost].[/]       : Initializing Spring DispatcherServlet 'dispatcherServlet'
2025-11-22T11:58:37.201+08:00  INFO 2071 --- [http-nio-8080-exec-1] o.s.web.servlet.DispatcherServlet        : Initializing Servlet 'dispatcherServlet'
2025-11-22T11:58:37.202+08:00  INFO 2071 --- [http-nio-8080-exec-1] o.s.web.servlet.DispatcherServlet        : Completed initialization in 0 ms
2025-11-22T11:58:37.245+08:00  INFO 2071 --- [http-nio-8080-exec-1] h.p.c.p.s.service.AuthUserService        : Login attempt: jason.lee@example.com
2025-11-22T11:58:37.291+08:00 DEBUG 2071 --- [http-nio-8080-exec-1] org.hibernate.SQL                        : select au1_0.id,au1_0.email,au1_0.enabled,au1_0.guardian_id,au1_0.password_hash,au1_0.role,au1_0.staff_id,au1_0.student_id from auth_users au1_0 where au1_0.email=?
2025-11-22T11:58:37.591+08:00  INFO 2071 --- [http-nio-8080-exec-1] h.p.c.p.s.service.AuthUserService        : Login success: jason.lee@example.com
2025-11-22T11:58:37.669+08:00 DEBUG 2071 --- [http-nio-8080-exec-5] org.hibernate.SQL                        : SELECT
    id,
    last_name,
    first_name,
    gender,
    CAST(AES_DECRYPT(identification_number, UNHEX(SHA2(?,512))) AS CHAR) AS identification_number,
    CAST(AES_DECRYPT(address, UNHEX(SHA2(?,512))) AS CHAR) AS address,
    email,
    CAST(AES_DECRYPT(phone, UNHEX(SHA2(?,512))) AS CHAR) AS phone,
    enrollment_year,
    guardian_id,
    guardian_relation
FROM students
WHERE id = ?

2025-11-22T11:58:37.684+08:00 DEBUG 2071 --- [http-nio-8080-exec-7] org.hibernate.SQL                        : select c1_0.id,c1_0.code,c1_0.course_name from courses c1_0
2025-11-22T11:58:37.696+08:00 DEBUG 2071 --- [http-nio-8080-exec-8] org.hibernate.SQL                        : SELECT
    id,
    student_id,
    course_id,
    term,
    CAST(AES_DECRYPT(grade, UNHEX(SHA2(?,512))) AS CHAR) AS grade,
    CAST(AES_DECRYPT(comments, UNHEX(SHA2(?,512))) AS CHAR) AS comments
FROM grades
WHERE student_id = ?

2025-11-22T11:58:37.704+08:00 DEBUG 2071 --- [http-nio-8080-exec-9] org.hibernate.SQL                        : SELECT
    id,
    student_id,
    staff_id,
    date,
    CAST(AES_DECRYPT(descriptions, UNHEX(SHA2(?,512))) AS CHAR) AS descriptions
FROM disciplinary_records
WHERE student_id = ?

2025-11-22T11:58:58.483+08:00  INFO 2071 --- [http-nio-8080-exec-10] h.p.c.p.securedb.service.StudentService  : Updating student info. ID=1
2025-11-22T11:58:58.494+08:00 DEBUG 2071 --- [http-nio-8080-exec-10] org.hibernate.SQL                        : UPDATE students
SET
    last_name = ?,
    first_name = ?,
    gender = ?,
    identification_number = AES_ENCRYPT(?, UNHEX(SHA2(?,512))),
    address = AES_ENCRYPT(?, UNHEX(SHA2(?,512))),
    email = ?,
    phone = AES_ENCRYPT(?, UNHEX(SHA2(?,512))),
    enrollment_year = ?,
    guardian_relation = ?
WHERE id = ?

2025-11-22T11:58:58.499+08:00 DEBUG 2071 --- [http-nio-8080-exec-10] org.hibernate.SQL                        : SELECT
    id,
    last_name,
    first_name,
    gender,
    CAST(AES_DECRYPT(identification_number, UNHEX(SHA2(?,512))) AS CHAR) AS identification_number,
    CAST(AES_DECRYPT(address, UNHEX(SHA2(?,512))) AS CHAR) AS address,
    email,
    CAST(AES_DECRYPT(phone, UNHEX(SHA2(?,512))) AS CHAR) AS phone,
    enrollment_year,
    guardian_id,
    guardian_relation
FROM students
WHERE id = ?

2025-11-22T11:58:59.810+08:00 DEBUG 2071 --- [http-nio-8080-exec-3] org.hibernate.SQL                        : SELECT
    id,
    last_name,
    first_name,
    gender,
    CAST(AES_DECRYPT(identification_number, UNHEX(SHA2(?,512))) AS CHAR) AS identification_number,
    CAST(AES_DECRYPT(address, UNHEX(SHA2(?,512))) AS CHAR) AS address,
    email,
    CAST(AES_DECRYPT(phone, UNHEX(SHA2(?,512))) AS CHAR) AS phone,
    enrollment_year,
    guardian_id,
    guardian_relation
FROM students
WHERE id = ?

2025-11-22T11:58:59.822+08:00 DEBUG 2071 --- [http-nio-8080-exec-5] org.hibernate.SQL                        : select c1_0.id,c1_0.code,c1_0.course_name from courses c1_0
2025-11-22T11:58:59.834+08:00 DEBUG 2071 --- [http-nio-8080-exec-7] org.hibernate.SQL                        : SELECT
    id,
    student_id,
    course_id,
    term,
    CAST(AES_DECRYPT(grade, UNHEX(SHA2(?,512))) AS CHAR) AS grade,
    CAST(AES_DECRYPT(comments, UNHEX(SHA2(?,512))) AS CHAR) AS comments
FROM grades
WHERE student_id = ?

2025-11-22T11:58:59.845+08:00 DEBUG 2071 --- [http-nio-8080-exec-8] org.hibernate.SQL                        : SELECT
    id,
    student_id,
    staff_id,
    date,
    CAST(AES_DECRYPT(descriptions, UNHEX(SHA2(?,512))) AS CHAR) AS descriptions
FROM disciplinary_records
WHERE student_id = ?

2025-11-22T11:59:58.908+08:00  INFO 2071 --- [http-nio-8080-exec-7] h.p.c.p.s.service.AuthUserService        : Login attempt: mary.chan@example.com
2025-11-22T11:59:58.911+08:00 DEBUG 2071 --- [http-nio-8080-exec-7] org.hibernate.SQL                        : select au1_0.id,au1_0.email,au1_0.enabled,au1_0.guardian_id,au1_0.password_hash,au1_0.role,au1_0.staff_id,au1_0.student_id from auth_users au1_0 where au1_0.email=?
2025-11-22T11:59:59.220+08:00  INFO 2071 --- [http-nio-8080-exec-7] h.p.c.p.s.service.AuthUserService        : Login success: mary.chan@example.com
2025-11-22T11:59:59.253+08:00 DEBUG 2071 --- [http-nio-8080-exec-1] org.hibernate.SQL                        : SELECT
    id,
    last_name,
    first_name,
    email,
    CAST(AES_DECRYPT(phone, UNHEX(SHA2(?,512))) AS CHAR) AS phone
FROM guardians
WHERE id = ?

2025-11-22T11:59:59.259+08:00 DEBUG 2071 --- [http-nio-8080-exec-4] org.hibernate.SQL                        : select c1_0.id,c1_0.code,c1_0.course_name from courses c1_0
2025-11-22T11:59:59.265+08:00 DEBUG 2071 --- [http-nio-8080-exec-6] org.hibernate.SQL                        : SELECT
    id,
    last_name,
    first_name,
    gender,
    CAST(AES_DECRYPT(identification_number, UNHEX(SHA2(?,512))) AS CHAR) AS identification_number,
    CAST(AES_DECRYPT(address, UNHEX(SHA2(?,512))) AS CHAR) AS address,
    email,
    CAST(AES_DECRYPT(phone, UNHEX(SHA2(?,512))) AS CHAR) AS phone,
    enrollment_year,
    guardian_id,
    guardian_relation
FROM students
WHERE guardian_id = ?

2025-11-22T11:59:59.270+08:00 DEBUG 2071 --- [http-nio-8080-exec-3] org.hibernate.SQL                        : SELECT
    id,
    last_name,
    first_name,
    gender,
    CAST(AES_DECRYPT(identification_number, UNHEX(SHA2(?,512))) AS CHAR) AS identification_number,
    CAST(AES_DECRYPT(address, UNHEX(SHA2(?,512))) AS CHAR) AS address,
    email,
    CAST(AES_DECRYPT(phone, UNHEX(SHA2(?,512))) AS CHAR) AS phone,
    enrollment_year,
    guardian_id,
    guardian_relation
FROM students
WHERE id = ?

2025-11-22T11:59:59.271+08:00 DEBUG 2071 --- [http-nio-8080-exec-3] org.hibernate.SQL                        : SELECT
    id,
    student_id,
    course_id,
    term,
    CAST(AES_DECRYPT(grade, UNHEX(SHA2(?,512))) AS CHAR) AS grade,
    CAST(AES_DECRYPT(comments, UNHEX(SHA2(?,512))) AS CHAR) AS comments
FROM grades
WHERE student_id = ?

2025-11-22T11:59:59.275+08:00 DEBUG 2071 --- [http-nio-8080-exec-5] org.hibernate.SQL                        : SELECT
    id,
    last_name,
    first_name,
    gender,
    CAST(AES_DECRYPT(identification_number, UNHEX(SHA2(?,512))) AS CHAR) AS identification_number,
    CAST(AES_DECRYPT(address, UNHEX(SHA2(?,512))) AS CHAR) AS address,
    email,
    CAST(AES_DECRYPT(phone, UNHEX(SHA2(?,512))) AS CHAR) AS phone,
    enrollment_year,
    guardian_id,
    guardian_relation
FROM students
WHERE id = ?

2025-11-22T11:59:59.276+08:00 DEBUG 2071 --- [http-nio-8080-exec-5] org.hibernate.SQL                        : SELECT
    id,
    student_id,
    course_id,
    term,
    CAST(AES_DECRYPT(grade, UNHEX(SHA2(?,512))) AS CHAR) AS grade,
    CAST(AES_DECRYPT(comments, UNHEX(SHA2(?,512))) AS CHAR) AS comments
FROM grades
WHERE student_id = ?

2025-11-22T11:59:59.280+08:00 DEBUG 2071 --- [http-nio-8080-exec-7] org.hibernate.SQL                        : SELECT
    id,
    last_name,
    first_name,
    gender,
    CAST(AES_DECRYPT(identification_number, UNHEX(SHA2(?,512))) AS CHAR) AS identification_number,
    CAST(AES_DECRYPT(address, UNHEX(SHA2(?,512))) AS CHAR) AS address,
    email,
    CAST(AES_DECRYPT(phone, UNHEX(SHA2(?,512))) AS CHAR) AS phone,
    enrollment_year,
    guardian_id,
    guardian_relation
FROM students
WHERE id = ?

2025-11-22T11:59:59.282+08:00 DEBUG 2071 --- [http-nio-8080-exec-7] org.hibernate.SQL                        : SELECT
    id,
    student_id,
    staff_id,
    date,
    CAST(AES_DECRYPT(descriptions, UNHEX(SHA2(?,512))) AS CHAR) AS descriptions
FROM disciplinary_records
WHERE student_id = ?

2025-11-22T11:59:59.286+08:00 DEBUG 2071 --- [http-nio-8080-exec-8] org.hibernate.SQL                        : SELECT
    id,
    last_name,
    first_name,
    gender,
    CAST(AES_DECRYPT(identification_number, UNHEX(SHA2(?,512))) AS CHAR) AS identification_number,
    CAST(AES_DECRYPT(address, UNHEX(SHA2(?,512))) AS CHAR) AS address,
    email,
    CAST(AES_DECRYPT(phone, UNHEX(SHA2(?,512))) AS CHAR) AS phone,
    enrollment_year,
    guardian_id,
    guardian_relation
FROM students
WHERE id = ?

2025-11-22T11:59:59.287+08:00 DEBUG 2071 --- [http-nio-8080-exec-8] org.hibernate.SQL                        : SELECT
    id,
    student_id,
    staff_id,
    date,
    CAST(AES_DECRYPT(descriptions, UNHEX(SHA2(?,512))) AS CHAR) AS descriptions
FROM disciplinary_records
WHERE student_id = ?

2025-11-22T12:00:16.691+08:00 DEBUG 2071 --- [http-nio-8080-exec-9] org.hibernate.SQL                        : select g1_0.id,g1_0.email,g1_0.first_name,g1_0.last_name,g1_0.phone from guardians g1_0 where g1_0.id=?
2025-11-22T12:00:16.714+08:00 DEBUG 2071 --- [http-nio-8080-exec-9] org.hibernate.SQL                        : update guardians set email=?,first_name=?,last_name=?,phone=? where id=?
2025-11-22T12:00:16.718+08:00 DEBUG 2071 --- [http-nio-8080-exec-9] org.hibernate.SQL                        : UPDATE guardians
SET phone = AES_ENCRYPT(?, UNHEX(SHA2(?,512)))
WHERE id = ?

2025-11-22T12:00:16.722+08:00 DEBUG 2071 --- [http-nio-8080-exec-9] org.hibernate.SQL                        : SELECT
    id,
    last_name,
    first_name,
    email,
    CAST(AES_DECRYPT(phone, UNHEX(SHA2(?,512))) AS CHAR) AS phone
FROM guardians
WHERE id = ?

2025-11-22T12:00:17.785+08:00 DEBUG 2071 --- [http-nio-8080-exec-4] org.hibernate.SQL                        : SELECT
    id,
    last_name,
    first_name,
    email,
    CAST(AES_DECRYPT(phone, UNHEX(SHA2(?,512))) AS CHAR) AS phone
FROM guardians
WHERE id = ?

2025-11-22T12:00:17.797+08:00 DEBUG 2071 --- [http-nio-8080-exec-3] org.hibernate.SQL                        : select c1_0.id,c1_0.code,c1_0.course_name from courses c1_0
2025-11-22T12:00:17.809+08:00 DEBUG 2071 --- [http-nio-8080-exec-5] org.hibernate.SQL                        : SELECT
    id,
    last_name,
    first_name,
    gender,
    CAST(AES_DECRYPT(identification_number, UNHEX(SHA2(?,512))) AS CHAR) AS identification_number,
    CAST(AES_DECRYPT(address, UNHEX(SHA2(?,512))) AS CHAR) AS address,
    email,
    CAST(AES_DECRYPT(phone, UNHEX(SHA2(?,512))) AS CHAR) AS phone,
    enrollment_year,
    guardian_id,
    guardian_relation
FROM students
WHERE guardian_id = ?

2025-11-22T12:00:17.820+08:00 DEBUG 2071 --- [http-nio-8080-exec-7] org.hibernate.SQL                        : SELECT
    id,
    last_name,
    first_name,
    gender,
    CAST(AES_DECRYPT(identification_number, UNHEX(SHA2(?,512))) AS CHAR) AS identification_number,
    CAST(AES_DECRYPT(address, UNHEX(SHA2(?,512))) AS CHAR) AS address,
    email,
    CAST(AES_DECRYPT(phone, UNHEX(SHA2(?,512))) AS CHAR) AS phone,
    enrollment_year,
    guardian_id,
    guardian_relation
FROM students
WHERE id = ?

2025-11-22T12:00:17.824+08:00 DEBUG 2071 --- [http-nio-8080-exec-7] org.hibernate.SQL                        : SELECT
    id,
    student_id,
    course_id,
    term,
    CAST(AES_DECRYPT(grade, UNHEX(SHA2(?,512))) AS CHAR) AS grade,
    CAST(AES_DECRYPT(comments, UNHEX(SHA2(?,512))) AS CHAR) AS comments
FROM grades
WHERE student_id = ?

2025-11-22T12:00:17.835+08:00 DEBUG 2071 --- [http-nio-8080-exec-8] org.hibernate.SQL                        : SELECT
    id,
    last_name,
    first_name,
    gender,
    CAST(AES_DECRYPT(identification_number, UNHEX(SHA2(?,512))) AS CHAR) AS identification_number,
    CAST(AES_DECRYPT(address, UNHEX(SHA2(?,512))) AS CHAR) AS address,
    email,
    CAST(AES_DECRYPT(phone, UNHEX(SHA2(?,512))) AS CHAR) AS phone,
    enrollment_year,
    guardian_id,
    guardian_relation
FROM students
WHERE id = ?

2025-11-22T12:00:17.837+08:00 DEBUG 2071 --- [http-nio-8080-exec-8] org.hibernate.SQL                        : SELECT
    id,
    student_id,
    course_id,
    term,
    CAST(AES_DECRYPT(grade, UNHEX(SHA2(?,512))) AS CHAR) AS grade,
    CAST(AES_DECRYPT(comments, UNHEX(SHA2(?,512))) AS CHAR) AS comments
FROM grades
WHERE student_id = ?

2025-11-22T12:00:17.848+08:00 DEBUG 2071 --- [http-nio-8080-exec-9] org.hibernate.SQL                        : SELECT
    id,
    last_name,
    first_name,
    gender,
    CAST(AES_DECRYPT(identification_number, UNHEX(SHA2(?,512))) AS CHAR) AS identification_number,
    CAST(AES_DECRYPT(address, UNHEX(SHA2(?,512))) AS CHAR) AS address,
    email,
    CAST(AES_DECRYPT(phone, UNHEX(SHA2(?,512))) AS CHAR) AS phone,
    enrollment_year,
    guardian_id,
    guardian_relation
FROM students
WHERE id = ?

2025-11-22T12:00:17.850+08:00 DEBUG 2071 --- [http-nio-8080-exec-9] org.hibernate.SQL                        : SELECT
    id,
    student_id,
    staff_id,
    date,
    CAST(AES_DECRYPT(descriptions, UNHEX(SHA2(?,512))) AS CHAR) AS descriptions
FROM disciplinary_records
WHERE student_id = ?

2025-11-22T12:00:17.859+08:00 DEBUG 2071 --- [http-nio-8080-exec-10] org.hibernate.SQL                        : SELECT
    id,
    last_name,
    first_name,
    gender,
    CAST(AES_DECRYPT(identification_number, UNHEX(SHA2(?,512))) AS CHAR) AS identification_number,
    CAST(AES_DECRYPT(address, UNHEX(SHA2(?,512))) AS CHAR) AS address,
    email,
    CAST(AES_DECRYPT(phone, UNHEX(SHA2(?,512))) AS CHAR) AS phone,
    enrollment_year,
    guardian_id,
    guardian_relation
FROM students
WHERE id = ?

2025-11-22T12:00:17.862+08:00 DEBUG 2071 --- [http-nio-8080-exec-10] org.hibernate.SQL                        : SELECT
    id,
    student_id,
    staff_id,
    date,
    CAST(AES_DECRYPT(descriptions, UNHEX(SHA2(?,512))) AS CHAR) AS descriptions
FROM disciplinary_records
WHERE student_id = ?

2025-11-22T12:00:21.545+08:00 DEBUG 2071 --- [http-nio-8080-exec-2] org.hibernate.SQL                        : select g1_0.id,g1_0.email,g1_0.first_name,g1_0.last_name,g1_0.phone from guardians g1_0 where g1_0.id=?
2025-11-22T12:00:21.549+08:00 DEBUG 2071 --- [http-nio-8080-exec-2] org.hibernate.SQL                        : UPDATE guardians
SET phone = AES_ENCRYPT(?, UNHEX(SHA2(?,512)))
WHERE id = ?

2025-11-22T12:00:21.552+08:00 DEBUG 2071 --- [http-nio-8080-exec-2] org.hibernate.SQL                        : SELECT
    id,
    last_name,
    first_name,
    email,
    CAST(AES_DECRYPT(phone, UNHEX(SHA2(?,512))) AS CHAR) AS phone
FROM guardians
WHERE id = ?

2025-11-22T12:00:22.799+08:00 DEBUG 2071 --- [http-nio-8080-exec-3] org.hibernate.SQL                        : SELECT
    id,
    last_name,
    first_name,
    email,
    CAST(AES_DECRYPT(phone, UNHEX(SHA2(?,512))) AS CHAR) AS phone
FROM guardians
WHERE id = ?

2025-11-22T12:00:22.810+08:00 DEBUG 2071 --- [http-nio-8080-exec-7] org.hibernate.SQL                        : select c1_0.id,c1_0.code,c1_0.course_name from courses c1_0
2025-11-22T12:00:22.819+08:00 DEBUG 2071 --- [http-nio-8080-exec-8] org.hibernate.SQL                        : SELECT
    id,
    last_name,
    first_name,
    gender,
    CAST(AES_DECRYPT(identification_number, UNHEX(SHA2(?,512))) AS CHAR) AS identification_number,
    CAST(AES_DECRYPT(address, UNHEX(SHA2(?,512))) AS CHAR) AS address,
    email,
    CAST(AES_DECRYPT(phone, UNHEX(SHA2(?,512))) AS CHAR) AS phone,
    enrollment_year,
    guardian_id,
    guardian_relation
FROM students
WHERE guardian_id = ?

2025-11-22T12:00:22.829+08:00 DEBUG 2071 --- [http-nio-8080-exec-9] org.hibernate.SQL                        : SELECT
    id,
    last_name,
    first_name,
    gender,
    CAST(AES_DECRYPT(identification_number, UNHEX(SHA2(?,512))) AS CHAR) AS identification_number,
    CAST(AES_DECRYPT(address, UNHEX(SHA2(?,512))) AS CHAR) AS address,
    email,
    CAST(AES_DECRYPT(phone, UNHEX(SHA2(?,512))) AS CHAR) AS phone,
    enrollment_year,
    guardian_id,
    guardian_relation
FROM students
WHERE id = ?

2025-11-22T12:00:22.832+08:00 DEBUG 2071 --- [http-nio-8080-exec-9] org.hibernate.SQL                        : SELECT
    id,
    student_id,
    course_id,
    term,
    CAST(AES_DECRYPT(grade, UNHEX(SHA2(?,512))) AS CHAR) AS grade,
    CAST(AES_DECRYPT(comments, UNHEX(SHA2(?,512))) AS CHAR) AS comments
FROM grades
WHERE student_id = ?

2025-11-22T12:00:22.839+08:00 DEBUG 2071 --- [http-nio-8080-exec-10] org.hibernate.SQL                        : SELECT
    id,
    last_name,
    first_name,
    gender,
    CAST(AES_DECRYPT(identification_number, UNHEX(SHA2(?,512))) AS CHAR) AS identification_number,
    CAST(AES_DECRYPT(address, UNHEX(SHA2(?,512))) AS CHAR) AS address,
    email,
    CAST(AES_DECRYPT(phone, UNHEX(SHA2(?,512))) AS CHAR) AS phone,
    enrollment_year,
    guardian_id,
    guardian_relation
FROM students
WHERE id = ?

2025-11-22T12:00:22.842+08:00 DEBUG 2071 --- [http-nio-8080-exec-10] org.hibernate.SQL                        : SELECT
    id,
    student_id,
    course_id,
    term,
    CAST(AES_DECRYPT(grade, UNHEX(SHA2(?,512))) AS CHAR) AS grade,
    CAST(AES_DECRYPT(comments, UNHEX(SHA2(?,512))) AS CHAR) AS comments
FROM grades
WHERE student_id = ?

2025-11-22T12:00:22.849+08:00 DEBUG 2071 --- [http-nio-8080-exec-2] org.hibernate.SQL                        : SELECT
    id,
    last_name,
    first_name,
    gender,
    CAST(AES_DECRYPT(identification_number, UNHEX(SHA2(?,512))) AS CHAR) AS identification_number,
    CAST(AES_DECRYPT(address, UNHEX(SHA2(?,512))) AS CHAR) AS address,
    email,
    CAST(AES_DECRYPT(phone, UNHEX(SHA2(?,512))) AS CHAR) AS phone,
    enrollment_year,
    guardian_id,
    guardian_relation
FROM students
WHERE id = ?

2025-11-22T12:00:22.851+08:00 DEBUG 2071 --- [http-nio-8080-exec-2] org.hibernate.SQL                        : SELECT
    id,
    student_id,
    staff_id,
    date,
    CAST(AES_DECRYPT(descriptions, UNHEX(SHA2(?,512))) AS CHAR) AS descriptions
FROM disciplinary_records
WHERE student_id = ?

2025-11-22T12:00:22.859+08:00 DEBUG 2071 --- [http-nio-8080-exec-1] org.hibernate.SQL                        : SELECT
    id,
    last_name,
    first_name,
    gender,
    CAST(AES_DECRYPT(identification_number, UNHEX(SHA2(?,512))) AS CHAR) AS identification_number,
    CAST(AES_DECRYPT(address, UNHEX(SHA2(?,512))) AS CHAR) AS address,
    email,
    CAST(AES_DECRYPT(phone, UNHEX(SHA2(?,512))) AS CHAR) AS phone,
    enrollment_year,
    guardian_id,
    guardian_relation
FROM students
WHERE id = ?

2025-11-22T12:00:22.861+08:00 DEBUG 2071 --- [http-nio-8080-exec-1] org.hibernate.SQL                        : SELECT
    id,
    student_id,
    staff_id,
    date,
    CAST(AES_DECRYPT(descriptions, UNHEX(SHA2(?,512))) AS CHAR) AS descriptions
FROM disciplinary_records
WHERE student_id = ?

2025-11-22T12:00:45.575+08:00  INFO 2071 --- [http-nio-8080-exec-7] h.p.c.p.s.service.AuthUserService        : Login attempt: sarah.lam@example.com
2025-11-22T12:00:45.579+08:00 DEBUG 2071 --- [http-nio-8080-exec-7] org.hibernate.SQL                        : select au1_0.id,au1_0.email,au1_0.enabled,au1_0.guardian_id,au1_0.password_hash,au1_0.role,au1_0.staff_id,au1_0.student_id from auth_users au1_0 where au1_0.email=?
2025-11-22T12:00:45.895+08:00  WARN 2071 --- [http-nio-8080-exec-7] h.p.c.p.s.service.AuthUserService        : Login failed: invalid password for sarah.lam@example.com
2025-11-22T12:00:48.758+08:00  INFO 2071 --- [http-nio-8080-exec-8] h.p.c.p.s.service.AuthUserService        : Login attempt: sarah.lam@example.com
2025-11-22T12:00:48.762+08:00 DEBUG 2071 --- [http-nio-8080-exec-8] org.hibernate.SQL                        : select au1_0.id,au1_0.email,au1_0.enabled,au1_0.guardian_id,au1_0.password_hash,au1_0.role,au1_0.staff_id,au1_0.student_id from auth_users au1_0 where au1_0.email=?
2025-11-22T12:00:49.075+08:00  WARN 2071 --- [http-nio-8080-exec-8] h.p.c.p.s.service.AuthUserService        : Login failed: invalid password for sarah.lam@example.com
2025-11-22T12:00:57.554+08:00  INFO 2071 --- [http-nio-8080-exec-9] h.p.c.p.s.service.AuthUserService        : Login attempt: sarah.lam@example.com
2025-11-22T12:00:57.557+08:00 DEBUG 2071 --- [http-nio-8080-exec-9] org.hibernate.SQL                        : select au1_0.id,au1_0.email,au1_0.enabled,au1_0.guardian_id,au1_0.password_hash,au1_0.role,au1_0.staff_id,au1_0.student_id from auth_users au1_0 where au1_0.email=?
2025-11-22T12:00:57.874+08:00  INFO 2071 --- [http-nio-8080-exec-9] h.p.c.p.s.service.AuthUserService        : Login success: sarah.lam@example.com
2025-11-22T12:00:57.902+08:00 DEBUG 2071 --- [http-nio-8080-exec-4] org.hibernate.SQL                        : select g1_0.id,g1_0.comments,g1_0.course_id,g1_0.grade,g1_0.student_id,g1_0.term from grades g1_0
2025-11-22T12:00:57.906+08:00 DEBUG 2071 --- [http-nio-8080-exec-4] org.hibernate.SQL                        : SELECT
    id,
    student_id,
    course_id,
    term,
    CAST(AES_DECRYPT(grade, UNHEX(SHA2(?,512))) AS CHAR) AS grade,
    CAST(AES_DECRYPT(comments, UNHEX(SHA2(?,512))) AS CHAR) AS comments
FROM grades
WHERE id = ?

2025-11-22T12:00:57.907+08:00 DEBUG 2071 --- [http-nio-8080-exec-4] org.hibernate.SQL                        : SELECT
    id,
    student_id,
    course_id,
    term,
    CAST(AES_DECRYPT(grade, UNHEX(SHA2(?,512))) AS CHAR) AS grade,
    CAST(AES_DECRYPT(comments, UNHEX(SHA2(?,512))) AS CHAR) AS comments
FROM grades
WHERE id = ?

2025-11-22T12:00:57.908+08:00 DEBUG 2071 --- [http-nio-8080-exec-4] org.hibernate.SQL                        : SELECT
    id,
    student_id,
    course_id,
    term,
    CAST(AES_DECRYPT(grade, UNHEX(SHA2(?,512))) AS CHAR) AS grade,
    CAST(AES_DECRYPT(comments, UNHEX(SHA2(?,512))) AS CHAR) AS comments
FROM grades
WHERE id = ?

2025-11-22T12:01:13.866+08:00  INFO 2071 --- [http-nio-8080-exec-6] h.p.c.p.securedb.service.GradeService    : Grade create requested: studentId=2, courseId=2
2025-11-22T12:01:13.984+08:00 DEBUG 2071 --- [http-nio-8080-exec-6] org.hibernate.SQL                        : select count(*) from students s1_0 where s1_0.id=?
2025-11-22T12:01:13.985+08:00 DEBUG 2071 --- [http-nio-8080-exec-6] org.hibernate.SQL                        : select count(*) from courses c1_0 where c1_0.id=?
2025-11-22T12:01:13.986+08:00 DEBUG 2071 --- [http-nio-8080-exec-6] org.hibernate.SQL                        : INSERT INTO grades (student_id, course_id, term, grade, comments)
VALUES (
    ?,
    ?,
    ?,
    AES_ENCRYPT(?, UNHEX(SHA2(?,512))),
    AES_ENCRYPT(?, UNHEX(SHA2(?,512)))
)

2025-11-22T12:01:13.989+08:00 DEBUG 2071 --- [http-nio-8080-exec-6] org.hibernate.SQL                        : SELECT
    id,
    student_id,
    course_id,
    term,
    CAST(AES_DECRYPT(grade, UNHEX(SHA2(?,512))) AS CHAR) AS grade,
    CAST(AES_DECRYPT(comments, UNHEX(SHA2(?,512))) AS CHAR) AS comments
FROM grades
WHERE student_id = ?
  AND course_id = ?
LIMIT 1

2025-11-22T12:01:15.176+08:00 DEBUG 2071 --- [http-nio-8080-exec-3] org.hibernate.SQL                        : select g1_0.id,g1_0.comments,g1_0.course_id,g1_0.grade,g1_0.student_id,g1_0.term from grades g1_0
2025-11-22T12:01:15.182+08:00 DEBUG 2071 --- [http-nio-8080-exec-3] org.hibernate.SQL                        : SELECT
    id,
    student_id,
    course_id,
    term,
    CAST(AES_DECRYPT(grade, UNHEX(SHA2(?,512))) AS CHAR) AS grade,
    CAST(AES_DECRYPT(comments, UNHEX(SHA2(?,512))) AS CHAR) AS comments
FROM grades
WHERE id = ?

2025-11-22T12:01:15.185+08:00 DEBUG 2071 --- [http-nio-8080-exec-3] org.hibernate.SQL                        : SELECT
    id,
    student_id,
    course_id,
    term,
    CAST(AES_DECRYPT(grade, UNHEX(SHA2(?,512))) AS CHAR) AS grade,
    CAST(AES_DECRYPT(comments, UNHEX(SHA2(?,512))) AS CHAR) AS comments
FROM grades
WHERE id = ?

2025-11-22T12:01:15.189+08:00 DEBUG 2071 --- [http-nio-8080-exec-3] org.hibernate.SQL                        : SELECT
    id,
    student_id,
    course_id,
    term,
    CAST(AES_DECRYPT(grade, UNHEX(SHA2(?,512))) AS CHAR) AS grade,
    CAST(AES_DECRYPT(comments, UNHEX(SHA2(?,512))) AS CHAR) AS comments
FROM grades
WHERE id = ?

2025-11-22T12:01:15.192+08:00 DEBUG 2071 --- [http-nio-8080-exec-3] org.hibernate.SQL                        : SELECT
    id,
    student_id,
    course_id,
    term,
    CAST(AES_DECRYPT(grade, UNHEX(SHA2(?,512))) AS CHAR) AS grade,
    CAST(AES_DECRYPT(comments, UNHEX(SHA2(?,512))) AS CHAR) AS comments
FROM grades
WHERE id = ?

2025-11-22T12:01:29.500+08:00  INFO 2071 --- [http-nio-8080-exec-7] h.p.c.p.securedb.service.GradeService    : Grade update requested: gradeId=4
2025-11-22T12:01:29.502+08:00 DEBUG 2071 --- [http-nio-8080-exec-7] org.hibernate.SQL                        : select g1_0.id,g1_0.comments,g1_0.course_id,g1_0.grade,g1_0.student_id,g1_0.term from grades g1_0 where g1_0.id=?
2025-11-22T12:01:29.509+08:00 DEBUG 2071 --- [http-nio-8080-exec-7] org.hibernate.SQL                        : UPDATE grades
SET
    grade = AES_ENCRYPT(?, UNHEX(SHA2(?,512))),
    comments = AES_ENCRYPT(?, UNHEX(SHA2(?,512)))
WHERE id = ?

2025-11-22T12:01:29.514+08:00 DEBUG 2071 --- [http-nio-8080-exec-7] org.hibernate.SQL                        : SELECT
    id,
    student_id,
    course_id,
    term,
    CAST(AES_DECRYPT(grade, UNHEX(SHA2(?,512))) AS CHAR) AS grade,
    CAST(AES_DECRYPT(comments, UNHEX(SHA2(?,512))) AS CHAR) AS comments
FROM grades
WHERE id = ?

2025-11-22T12:01:30.061+08:00 DEBUG 2071 --- [http-nio-8080-exec-8] org.hibernate.SQL                        : select g1_0.id,g1_0.comments,g1_0.course_id,g1_0.grade,g1_0.student_id,g1_0.term from grades g1_0
2025-11-22T12:01:30.066+08:00 DEBUG 2071 --- [http-nio-8080-exec-8] org.hibernate.SQL                        : SELECT
    id,
    student_id,
    course_id,
    term,
    CAST(AES_DECRYPT(grade, UNHEX(SHA2(?,512))) AS CHAR) AS grade,
    CAST(AES_DECRYPT(comments, UNHEX(SHA2(?,512))) AS CHAR) AS comments
FROM grades
WHERE id = ?

2025-11-22T12:01:30.070+08:00 DEBUG 2071 --- [http-nio-8080-exec-8] org.hibernate.SQL                        : SELECT
    id,
    student_id,
    course_id,
    term,
    CAST(AES_DECRYPT(grade, UNHEX(SHA2(?,512))) AS CHAR) AS grade,
    CAST(AES_DECRYPT(comments, UNHEX(SHA2(?,512))) AS CHAR) AS comments
FROM grades
WHERE id = ?

2025-11-22T12:01:30.073+08:00 DEBUG 2071 --- [http-nio-8080-exec-8] org.hibernate.SQL                        : SELECT
    id,
    student_id,
    course_id,
    term,
    CAST(AES_DECRYPT(grade, UNHEX(SHA2(?,512))) AS CHAR) AS grade,
    CAST(AES_DECRYPT(comments, UNHEX(SHA2(?,512))) AS CHAR) AS comments
FROM grades
WHERE id = ?

2025-11-22T12:01:30.077+08:00 DEBUG 2071 --- [http-nio-8080-exec-8] org.hibernate.SQL                        : SELECT
    id,
    student_id,
    course_id,
    term,
    CAST(AES_DECRYPT(grade, UNHEX(SHA2(?,512))) AS CHAR) AS grade,
    CAST(AES_DECRYPT(comments, UNHEX(SHA2(?,512))) AS CHAR) AS comments
FROM grades
WHERE id = ?

2025-11-22T12:01:40.186+08:00 DEBUG 2071 --- [http-nio-8080-exec-9] org.hibernate.SQL                        : select g1_0.id,g1_0.comments,g1_0.course_id,g1_0.grade,g1_0.student_id,g1_0.term from grades g1_0
2025-11-22T12:01:40.192+08:00 DEBUG 2071 --- [http-nio-8080-exec-9] org.hibernate.SQL                        : SELECT
    id,
    student_id,
    course_id,
    term,
    CAST(AES_DECRYPT(grade, UNHEX(SHA2(?,512))) AS CHAR) AS grade,
    CAST(AES_DECRYPT(comments, UNHEX(SHA2(?,512))) AS CHAR) AS comments
FROM grades
WHERE id = ?

2025-11-22T12:01:40.195+08:00 DEBUG 2071 --- [http-nio-8080-exec-9] org.hibernate.SQL                        : SELECT
    id,
    student_id,
    course_id,
    term,
    CAST(AES_DECRYPT(grade, UNHEX(SHA2(?,512))) AS CHAR) AS grade,
    CAST(AES_DECRYPT(comments, UNHEX(SHA2(?,512))) AS CHAR) AS comments
FROM grades
WHERE id = ?

2025-11-22T12:01:40.198+08:00 DEBUG 2071 --- [http-nio-8080-exec-9] org.hibernate.SQL                        : SELECT
    id,
    student_id,
    course_id,
    term,
    CAST(AES_DECRYPT(grade, UNHEX(SHA2(?,512))) AS CHAR) AS grade,
    CAST(AES_DECRYPT(comments, UNHEX(SHA2(?,512))) AS CHAR) AS comments
FROM grades
WHERE id = ?

2025-11-22T12:01:40.200+08:00 DEBUG 2071 --- [http-nio-8080-exec-9] org.hibernate.SQL                        : SELECT
    id,
    student_id,
    course_id,
    term,
    CAST(AES_DECRYPT(grade, UNHEX(SHA2(?,512))) AS CHAR) AS grade,
    CAST(AES_DECRYPT(comments, UNHEX(SHA2(?,512))) AS CHAR) AS comments
FROM grades
WHERE id = ?

2025-11-22T12:01:43.550+08:00 DEBUG 2071 --- [http-nio-8080-exec-10] org.hibernate.SQL                        : select g1_0.id,g1_0.comments,g1_0.course_id,g1_0.grade,g1_0.student_id,g1_0.term from grades g1_0
2025-11-22T12:01:43.556+08:00 DEBUG 2071 --- [http-nio-8080-exec-10] org.hibernate.SQL                        : SELECT
    id,
    student_id,
    course_id,
    term,
    CAST(AES_DECRYPT(grade, UNHEX(SHA2(?,512))) AS CHAR) AS grade,
    CAST(AES_DECRYPT(comments, UNHEX(SHA2(?,512))) AS CHAR) AS comments
FROM grades
WHERE id = ?

2025-11-22T12:01:43.560+08:00 DEBUG 2071 --- [http-nio-8080-exec-10] org.hibernate.SQL                        : SELECT
    id,
    student_id,
    course_id,
    term,
    CAST(AES_DECRYPT(grade, UNHEX(SHA2(?,512))) AS CHAR) AS grade,
    CAST(AES_DECRYPT(comments, UNHEX(SHA2(?,512))) AS CHAR) AS comments
FROM grades
WHERE id = ?

2025-11-22T12:01:43.563+08:00 DEBUG 2071 --- [http-nio-8080-exec-10] org.hibernate.SQL                        : SELECT
    id,
    student_id,
    course_id,
    term,
    CAST(AES_DECRYPT(grade, UNHEX(SHA2(?,512))) AS CHAR) AS grade,
    CAST(AES_DECRYPT(comments, UNHEX(SHA2(?,512))) AS CHAR) AS comments
FROM grades
WHERE id = ?

2025-11-22T12:01:43.566+08:00 DEBUG 2071 --- [http-nio-8080-exec-10] org.hibernate.SQL                        : SELECT
    id,
    student_id,
    course_id,
    term,
    CAST(AES_DECRYPT(grade, UNHEX(SHA2(?,512))) AS CHAR) AS grade,
    CAST(AES_DECRYPT(comments, UNHEX(SHA2(?,512))) AS CHAR) AS comments
FROM grades
WHERE id = ?

2025-11-22T12:01:47.662+08:00 DEBUG 2071 --- [http-nio-8080-exec-1] org.hibernate.SQL                        : select g1_0.id,g1_0.comments,g1_0.course_id,g1_0.grade,g1_0.student_id,g1_0.term from grades g1_0
2025-11-22T12:01:47.668+08:00 DEBUG 2071 --- [http-nio-8080-exec-1] org.hibernate.SQL                        : SELECT
    id,
    student_id,
    course_id,
    term,
    CAST(AES_DECRYPT(grade, UNHEX(SHA2(?,512))) AS CHAR) AS grade,
    CAST(AES_DECRYPT(comments, UNHEX(SHA2(?,512))) AS CHAR) AS comments
FROM grades
WHERE id = ?

2025-11-22T12:01:47.672+08:00 DEBUG 2071 --- [http-nio-8080-exec-1] org.hibernate.SQL                        : SELECT
    id,
    student_id,
    course_id,
    term,
    CAST(AES_DECRYPT(grade, UNHEX(SHA2(?,512))) AS CHAR) AS grade,
    CAST(AES_DECRYPT(comments, UNHEX(SHA2(?,512))) AS CHAR) AS comments
FROM grades
WHERE id = ?

2025-11-22T12:01:47.675+08:00 DEBUG 2071 --- [http-nio-8080-exec-1] org.hibernate.SQL                        : SELECT
    id,
    student_id,
    course_id,
    term,
    CAST(AES_DECRYPT(grade, UNHEX(SHA2(?,512))) AS CHAR) AS grade,
    CAST(AES_DECRYPT(comments, UNHEX(SHA2(?,512))) AS CHAR) AS comments
FROM grades
WHERE id = ?

2025-11-22T12:01:47.678+08:00 DEBUG 2071 --- [http-nio-8080-exec-1] org.hibernate.SQL                        : SELECT
    id,
    student_id,
    course_id,
    term,
    CAST(AES_DECRYPT(grade, UNHEX(SHA2(?,512))) AS CHAR) AS grade,
    CAST(AES_DECRYPT(comments, UNHEX(SHA2(?,512))) AS CHAR) AS comments
FROM grades
WHERE id = ?

2025-11-22T12:01:58.965+08:00 DEBUG 2071 --- [http-nio-8080-exec-5] org.hibernate.SQL                        : select g1_0.id,g1_0.comments,g1_0.course_id,g1_0.grade,g1_0.student_id,g1_0.term from grades g1_0
2025-11-22T12:01:58.972+08:00 DEBUG 2071 --- [http-nio-8080-exec-5] org.hibernate.SQL                        : SELECT
    id,
    student_id,
    course_id,
    term,
    CAST(AES_DECRYPT(grade, UNHEX(SHA2(?,512))) AS CHAR) AS grade,
    CAST(AES_DECRYPT(comments, UNHEX(SHA2(?,512))) AS CHAR) AS comments
FROM grades
WHERE id = ?

2025-11-22T12:01:58.976+08:00 DEBUG 2071 --- [http-nio-8080-exec-5] org.hibernate.SQL                        : SELECT
    id,
    student_id,
    course_id,
    term,
    CAST(AES_DECRYPT(grade, UNHEX(SHA2(?,512))) AS CHAR) AS grade,
    CAST(AES_DECRYPT(comments, UNHEX(SHA2(?,512))) AS CHAR) AS comments
FROM grades
WHERE id = ?

2025-11-22T12:01:58.980+08:00 DEBUG 2071 --- [http-nio-8080-exec-5] org.hibernate.SQL                        : SELECT
    id,
    student_id,
    course_id,
    term,
    CAST(AES_DECRYPT(grade, UNHEX(SHA2(?,512))) AS CHAR) AS grade,
    CAST(AES_DECRYPT(comments, UNHEX(SHA2(?,512))) AS CHAR) AS comments
FROM grades
WHERE id = ?

2025-11-22T12:01:58.984+08:00 DEBUG 2071 --- [http-nio-8080-exec-5] org.hibernate.SQL                        : SELECT
    id,
    student_id,
    course_id,
    term,
    CAST(AES_DECRYPT(grade, UNHEX(SHA2(?,512))) AS CHAR) AS grade,
    CAST(AES_DECRYPT(comments, UNHEX(SHA2(?,512))) AS CHAR) AS comments
FROM grades
WHERE id = ?

2025-11-22T12:02:06.966+08:00 DEBUG 2071 --- [http-nio-8080-exec-4] org.hibernate.SQL                        : select g1_0.id,g1_0.comments,g1_0.course_id,g1_0.grade,g1_0.student_id,g1_0.term from grades g1_0
2025-11-22T12:02:06.971+08:00 DEBUG 2071 --- [http-nio-8080-exec-4] org.hibernate.SQL                        : SELECT
    id,
    student_id,
    course_id,
    term,
    CAST(AES_DECRYPT(grade, UNHEX(SHA2(?,512))) AS CHAR) AS grade,
    CAST(AES_DECRYPT(comments, UNHEX(SHA2(?,512))) AS CHAR) AS comments
FROM grades
WHERE id = ?

2025-11-22T12:02:06.975+08:00 DEBUG 2071 --- [http-nio-8080-exec-4] org.hibernate.SQL                        : SELECT
    id,
    student_id,
    course_id,
    term,
    CAST(AES_DECRYPT(grade, UNHEX(SHA2(?,512))) AS CHAR) AS grade,
    CAST(AES_DECRYPT(comments, UNHEX(SHA2(?,512))) AS CHAR) AS comments
FROM grades
WHERE id = ?

2025-11-22T12:02:06.978+08:00 DEBUG 2071 --- [http-nio-8080-exec-4] org.hibernate.SQL                        : SELECT
    id,
    student_id,
    course_id,
    term,
    CAST(AES_DECRYPT(grade, UNHEX(SHA2(?,512))) AS CHAR) AS grade,
    CAST(AES_DECRYPT(comments, UNHEX(SHA2(?,512))) AS CHAR) AS comments
FROM grades
WHERE id = ?

2025-11-22T12:02:06.981+08:00 DEBUG 2071 --- [http-nio-8080-exec-4] org.hibernate.SQL                        : SELECT
    id,
    student_id,
    course_id,
    term,
    CAST(AES_DECRYPT(grade, UNHEX(SHA2(?,512))) AS CHAR) AS grade,
    CAST(AES_DECRYPT(comments, UNHEX(SHA2(?,512))) AS CHAR) AS comments
FROM grades
WHERE id = ?

2025-11-22T12:02:10.724+08:00 DEBUG 2071 --- [http-nio-8080-exec-6] org.hibernate.SQL                        : select g1_0.id,g1_0.comments,g1_0.course_id,g1_0.grade,g1_0.student_id,g1_0.term from grades g1_0
2025-11-22T12:02:10.729+08:00 DEBUG 2071 --- [http-nio-8080-exec-6] org.hibernate.SQL                        : SELECT
    id,
    student_id,
    course_id,
    term,
    CAST(AES_DECRYPT(grade, UNHEX(SHA2(?,512))) AS CHAR) AS grade,
    CAST(AES_DECRYPT(comments, UNHEX(SHA2(?,512))) AS CHAR) AS comments
FROM grades
WHERE id = ?

2025-11-22T12:02:10.733+08:00 DEBUG 2071 --- [http-nio-8080-exec-6] org.hibernate.SQL                        : SELECT
    id,
    student_id,
    course_id,
    term,
    CAST(AES_DECRYPT(grade, UNHEX(SHA2(?,512))) AS CHAR) AS grade,
    CAST(AES_DECRYPT(comments, UNHEX(SHA2(?,512))) AS CHAR) AS comments
FROM grades
WHERE id = ?

2025-11-22T12:02:10.736+08:00 DEBUG 2071 --- [http-nio-8080-exec-6] org.hibernate.SQL                        : SELECT
    id,
    student_id,
    course_id,
    term,
    CAST(AES_DECRYPT(grade, UNHEX(SHA2(?,512))) AS CHAR) AS grade,
    CAST(AES_DECRYPT(comments, UNHEX(SHA2(?,512))) AS CHAR) AS comments
FROM grades
WHERE id = ?

2025-11-22T12:02:10.740+08:00 DEBUG 2071 --- [http-nio-8080-exec-6] org.hibernate.SQL                        : SELECT
    id,
    student_id,
    course_id,
    term,
    CAST(AES_DECRYPT(grade, UNHEX(SHA2(?,512))) AS CHAR) AS grade,
    CAST(AES_DECRYPT(comments, UNHEX(SHA2(?,512))) AS CHAR) AS comments
FROM grades
WHERE id = ?

2025-11-22T12:02:17.875+08:00  WARN 2071 --- [http-nio-8080-exec-3] h.p.c.p.securedb.service.GradeService    : Grade delete requested: gradeId=4
2025-11-22T12:02:17.881+08:00 DEBUG 2071 --- [http-nio-8080-exec-3] org.hibernate.SQL                        : select count(*) from grades g1_0 where g1_0.id=?
2025-11-22T12:02:17.886+08:00 DEBUG 2071 --- [http-nio-8080-exec-3] org.hibernate.SQL                        : select g1_0.id,g1_0.comments,g1_0.course_id,g1_0.grade,g1_0.student_id,g1_0.term from grades g1_0 where g1_0.id=?
2025-11-22T12:02:17.893+08:00 DEBUG 2071 --- [http-nio-8080-exec-3] org.hibernate.SQL                        : delete from grades where id=?
2025-11-22T12:02:19.144+08:00 DEBUG 2071 --- [http-nio-8080-exec-7] org.hibernate.SQL                        : select g1_0.id,g1_0.comments,g1_0.course_id,g1_0.grade,g1_0.student_id,g1_0.term from grades g1_0
2025-11-22T12:02:19.149+08:00 DEBUG 2071 --- [http-nio-8080-exec-7] org.hibernate.SQL                        : SELECT
    id,
    student_id,
    course_id,
    term,
    CAST(AES_DECRYPT(grade, UNHEX(SHA2(?,512))) AS CHAR) AS grade,
    CAST(AES_DECRYPT(comments, UNHEX(SHA2(?,512))) AS CHAR) AS comments
FROM grades
WHERE id = ?

2025-11-22T12:02:19.152+08:00 DEBUG 2071 --- [http-nio-8080-exec-7] org.hibernate.SQL                        : SELECT
    id,
    student_id,
    course_id,
    term,
    CAST(AES_DECRYPT(grade, UNHEX(SHA2(?,512))) AS CHAR) AS grade,
    CAST(AES_DECRYPT(comments, UNHEX(SHA2(?,512))) AS CHAR) AS comments
FROM grades
WHERE id = ?

2025-11-22T12:02:19.156+08:00 DEBUG 2071 --- [http-nio-8080-exec-7] org.hibernate.SQL                        : SELECT
    id,
    student_id,
    course_id,
    term,
    CAST(AES_DECRYPT(grade, UNHEX(SHA2(?,512))) AS CHAR) AS grade,
    CAST(AES_DECRYPT(comments, UNHEX(SHA2(?,512))) AS CHAR) AS comments
FROM grades
WHERE id = ?

2025-11-22T12:02:34.791+08:00  INFO 2071 --- [http-nio-8080-exec-2] h.p.c.p.s.service.AuthUserService        : Login attempt: michael.cheung@example.com
2025-11-22T12:02:34.794+08:00 DEBUG 2071 --- [http-nio-8080-exec-2] org.hibernate.SQL                        : select au1_0.id,au1_0.email,au1_0.enabled,au1_0.guardian_id,au1_0.password_hash,au1_0.role,au1_0.staff_id,au1_0.student_id from auth_users au1_0 where au1_0.email=?
2025-11-22T12:02:35.106+08:00  INFO 2071 --- [http-nio-8080-exec-2] h.p.c.p.s.service.AuthUserService        : Login success: michael.cheung@example.com
2025-11-22T12:02:35.140+08:00 DEBUG 2071 --- [http-nio-8080-exec-3] org.hibernate.SQL                        : SELECT
    dr.id AS id,
    dr.student_id AS student_id,
    dr.staff_id AS staff_id,
    dr.date AS date,
    CAST(AES_DECRYPT(dr.descriptions, UNHEX(SHA2(?,512))) AS CHAR) AS descriptions
FROM disciplinary_records dr

2025-11-22T12:02:47.886+08:00  INFO 2071 --- [http-nio-8080-exec-8] h.p.c.p.s.s.DisciplinaryRecordService    : Disciplinary Record for studentId = 2 create requested
2025-11-22T12:02:47.890+08:00 DEBUG 2071 --- [http-nio-8080-exec-8] org.hibernate.SQL                        : INSERT INTO disciplinary_records (student_id, date, staff_id, descriptions)
VALUES (?, ?, ?,
        AES_ENCRYPT(?, UNHEX(SHA2(?, 512))))

2025-11-22T12:02:47.901+08:00 DEBUG 2071 --- [http-nio-8080-exec-8] org.hibernate.SQL                        : SELECT LAST_INSERT_ID()
2025-11-22T12:02:47.904+08:00 DEBUG 2071 --- [http-nio-8080-exec-8] org.hibernate.SQL                        : SELECT
    id,
    student_id,
    staff_id,
    date,
    CAST(AES_DECRYPT(descriptions, UNHEX(SHA2(?,512))) AS CHAR) AS descriptions
FROM disciplinary_records
WHERE id = ?

2025-11-22T12:02:48.698+08:00 DEBUG 2071 --- [http-nio-8080-exec-9] org.hibernate.SQL                        : SELECT
    dr.id AS id,
    dr.student_id AS student_id,
    dr.staff_id AS staff_id,
    dr.date AS date,
    CAST(AES_DECRYPT(dr.descriptions, UNHEX(SHA2(?,512))) AS CHAR) AS descriptions
FROM disciplinary_records dr

2025-11-22T12:02:54.933+08:00  INFO 2071 --- [http-nio-8080-exec-10] h.p.c.p.s.s.DisciplinaryRecordService    : Disciplinary Record update requested: recordId=2
2025-11-22T12:02:54.938+08:00 DEBUG 2071 --- [http-nio-8080-exec-10] org.hibernate.SQL                        : UPDATE disciplinary_records
SET date = ?,
    descriptions = AES_ENCRYPT(?, UNHEX(SHA2(?, 512)))
WHERE id = ?

2025-11-22T12:02:54.944+08:00 DEBUG 2071 --- [http-nio-8080-exec-10] org.hibernate.SQL                        : SELECT
    id,
    student_id,
    staff_id,
    date,
    CAST(AES_DECRYPT(descriptions, UNHEX(SHA2(?,512))) AS CHAR) AS descriptions
FROM disciplinary_records
WHERE id = ?

2025-11-22T12:02:55.643+08:00 DEBUG 2071 --- [http-nio-8080-exec-1] org.hibernate.SQL                        : SELECT
    dr.id AS id,
    dr.student_id AS student_id,
    dr.staff_id AS staff_id,
    dr.date AS date,
    CAST(AES_DECRYPT(dr.descriptions, UNHEX(SHA2(?,512))) AS CHAR) AS descriptions
FROM disciplinary_records dr

2025-11-22T12:03:02.772+08:00 DEBUG 2071 --- [http-nio-8080-exec-2] org.hibernate.SQL                        : SELECT
    dr.id AS id,
    dr.student_id AS student_id,
    dr.staff_id AS staff_id,
    dr.date AS date,
    CAST(AES_DECRYPT(dr.descriptions, UNHEX(SHA2(?,512))) AS CHAR) AS descriptions
FROM disciplinary_records dr

2025-11-22T12:03:09.187+08:00 DEBUG 2071 --- [http-nio-8080-exec-5] org.hibernate.SQL                        : SELECT
    dr.id AS id,
    dr.student_id AS student_id,
    dr.staff_id AS staff_id,
    dr.date AS date,
    CAST(AES_DECRYPT(dr.descriptions, UNHEX(SHA2(?,512))) AS CHAR) AS descriptions
FROM disciplinary_records dr

2025-11-22T12:03:13.191+08:00 DEBUG 2071 --- [http-nio-8080-exec-6] org.hibernate.SQL                        : SELECT
    dr.id AS id,
    dr.student_id AS student_id,
    dr.staff_id AS staff_id,
    dr.date AS date,
    CAST(AES_DECRYPT(dr.descriptions, UNHEX(SHA2(?,512))) AS CHAR) AS descriptions
FROM disciplinary_records dr

2025-11-22T12:03:15.397+08:00  INFO 2071 --- [http-nio-8080-exec-4] h.p.c.p.s.s.DisciplinaryRecordService    : Disciplinary Record delete requested: recordId=2
2025-11-22T12:03:15.403+08:00 DEBUG 2071 --- [http-nio-8080-exec-4] org.hibernate.SQL                        : select count(*) from disciplinary_records dr1_0 where dr1_0.id=?
2025-11-22T12:03:15.408+08:00 DEBUG 2071 --- [http-nio-8080-exec-4] org.hibernate.SQL                        : select dr1_0.id,dr1_0.date,dr1_0.descriptions,dr1_0.staff_id,dr1_0.student_id from disciplinary_records dr1_0 where dr1_0.id=?
2025-11-22T12:03:15.411+08:00 DEBUG 2071 --- [http-nio-8080-exec-4] org.hibernate.SQL                        : delete from disciplinary_records where id=?
2025-11-22T12:03:15.960+08:00 DEBUG 2071 --- [http-nio-8080-exec-7] org.hibernate.SQL                        : SELECT
    dr.id AS id,
    dr.student_id AS student_id,
    dr.staff_id AS staff_id,
    dr.date AS date,
    CAST(AES_DECRYPT(dr.descriptions, UNHEX(SHA2(?,512))) AS CHAR) AS descriptions
FROM disciplinary_records dr

2025-11-22T12:20:36.002+08:00  WARN 2071 --- [HikariPool-1:housekeeper] com.zaxxer.hikari.pool.HikariPool        : HikariPool-1 - Thread starvation or clock leap detected (housekeeper delta=12m14s567ms).
2025-11-22T12:34:08.198+08:00  WARN 2071 --- [HikariPool-1:housekeeper] com.zaxxer.hikari.pool.HikariPool        : HikariPool-1 - Thread starvation or clock leap detected (housekeeper delta=13m32s197ms).
2025-11-22T12:52:12.252+08:00  WARN 2071 --- [HikariPool-1:housekeeper] com.zaxxer.hikari.pool.HikariPool        : HikariPool-1 - Thread starvation or clock leap detected (housekeeper delta=18m4s54ms).
2025-11-22T13:10:16.703+08:00  WARN 2071 --- [HikariPool-1:housekeeper] com.zaxxer.hikari.pool.HikariPool        : HikariPool-1 - Thread starvation or clock leap detected (housekeeper delta=18m4s451ms).
2025-11-22T13:28:18.590+08:00  WARN 2071 --- [HikariPool-1:housekeeper] com.zaxxer.hikari.pool.HikariPool        : HikariPool-1 - Thread starvation or clock leap detected (housekeeper delta=18m1s887ms).
2025-11-22T13:30:34.082+08:00  WARN 2071 --- [HikariPool-1:housekeeper] com.zaxxer.hikari.pool.HikariPool        : HikariPool-1 - Thread starvation or clock leap detected (housekeeper delta=2m15s492ms).
2025-11-22T13:31:36.662+08:00  INFO 2071 --- [SpringApplicationShutdownHook] o.s.b.w.e.tomcat.GracefulShutdown        : Commencing graceful shutdown. Waiting for active requests to complete
2025-11-22T13:31:36.667+08:00  INFO 2071 --- [tomcat-shutdown] o.s.b.w.e.tomcat.GracefulShutdown        : Graceful shutdown complete
2025-11-22T13:31:36.670+08:00  INFO 2071 --- [SpringApplicationShutdownHook] j.LocalContainerEntityManagerFactoryBean : Closing JPA EntityManagerFactory for persistence unit 'default'
2025-11-22T13:31:36.671+08:00  INFO 2071 --- [SpringApplicationShutdownHook] com.zaxxer.hikari.HikariDataSource       : HikariPool-1 - Shutdown initiated...
2025-11-22T13:31:36.674+08:00  INFO 2071 --- [SpringApplicationShutdownHook] com.zaxxer.hikari.HikariDataSource       : HikariPool-1 - Shutdown completed.
